insert into SYSTEM_FORM(id, code, style, short_desc, long_desc, other_1, other_2, created_dtm, created_by, deleted) values(5,'CV620_DG_COMMIT', '_AJ1', 'The is the diagnose commit smart form template for for CV620','','_BG-40','Z35-80',SYSDATE,0,0);

insert into SYSTEM_FORM_ELEMENT(id, form_id, seq, type, subject, point, other_1, other_2, other_3, created_dtm, created_by, deleted) values(4001, 5,1,'_AK1','主电源和控制柜电源电压±7%; ',0,'Z21','Z225001','Z235001',SYSDATE,0,0);
insert into SYSTEM_FORM_ELEMENT(id, form_id, seq, type, subject, point, other_1, other_2, other_3, created_dtm, created_by, deleted) values(4002, 5,2,'_AK1','DC门回路正常，无短接，乘场门确认；  ★',0,'Z21','Z225002','Z235002',SYSDATE,0,0);
insert into SYSTEM_FORM_ELEMENT(id, form_id, seq, type, subject, point, other_1, other_2, other_3, created_dtm, created_by, deleted) values(4003, 5,3,'_AK1','CC安全回路正常，无短接； ★',0,'Z21','Z225003','Z235003',SYSDATE,0,0);
insert into SYSTEM_FORM_ELEMENT(id, form_id, seq, type, subject, point, other_1, other_2, other_3, created_dtm, created_by, deleted) values(4004, 5,4,'_AK1','控制柜内所有保险丝无短接，保险丝规格确认；',0,'Z21','Z225004','Z235004',SYSDATE,0,0);
insert into SYSTEM_FORM_ELEMENT(id, form_id, seq, type, subject, point, other_1, other_2, other_3, created_dtm, created_by, deleted) values(4005, 5,5,'_AK1','控制柜绝缘测量; ★',0,'Z21','Z225005','Z235005',SYSDATE,0,0);
insert into SYSTEM_FORM_ELEMENT(id, form_id, seq, type, subject, point, other_1, other_2, other_3, created_dtm, created_by, deleted) values(4006, 5,6,'_AK1','控制柜内线路整齐，清洁；',0,'Z21','Z225006','Z235006',SYSDATE,0,0);
insert into SYSTEM_FORM_ELEMENT(id, form_id, seq, type, subject, point, other_1, other_2, other_3, created_dtm, created_by, deleted) values(4007, 5,7,'_AK1','电梯高速运行时是否有异响; ',0,'Z21','Z225007','Z235007',SYSDATE,0,0);
insert into SYSTEM_FORM_ELEMENT(id, form_id, seq, type, subject, point, other_1, other_2, other_3, created_dtm, created_by, deleted) values(4008, 5,8,'_AK1','滑动导靴（滚动导靴）的尺寸确认（平衡重块的安装位置是否正确）；★',0,'Z21','Z225008','Z235008',SYSDATE,0,0);
insert into SYSTEM_FORM_ELEMENT(id, form_id, seq, type, subject, point, other_1, other_2, other_3, created_dtm, created_by, deleted) values(4009, 5,9,'_AK1','导轨是否清洁；',0,'Z21','Z225009','Z235009',SYSDATE,0,0);
insert into SYSTEM_FORM_ELEMENT(id, form_id, seq, type, subject, point, other_1, other_2, other_3, created_dtm, created_by, deleted) values(4010, 5,10,'_AK1','安全钳的确认； ★',0,'Z21','Z225010','Z235010',SYSDATE,0,0);
insert into SYSTEM_FORM_ELEMENT(id, form_id, seq, type, subject, point, other_1, other_2, other_3, created_dtm, created_by, deleted) values(4011, 5,11,'_AK1','抱闸微动开关确认；',0,'Z21','Z225011','Z235011',SYSDATE,0,0);
insert into SYSTEM_FORM_ELEMENT(id, form_id, seq, type, subject, point, other_1, other_2, other_3, created_dtm, created_by, deleted) values(4012, 5,12,'_AK1','门速调整完毕（门控PDSET是否完成）；',0,'Z21','Z225012','Z235012',SYSDATE,0,0);
insert into SYSTEM_FORM_ELEMENT(id, form_id, seq, type, subject, point, other_1, other_2, other_3, created_dtm, created_by, deleted) values(4013, 5,13,'_AK1','BL（45％－50％）的完成；确认电梯预留装潢重量（     ）★',0,'Z21','Z225013','Z235013',SYSDATE,0,0);
insert into SYSTEM_FORM_ELEMENT(id, form_id, seq, type, subject, point, other_1, other_2, other_3, created_dtm, created_by, deleted) values(4014, 5,14,'_AK1','超满载的调整的确认；★',0,'Z21','Z225014','Z235014',SYSDATE,0,0);
insert into SYSTEM_FORM_ELEMENT(id, form_id, seq, type, subject, point, other_1, other_2, other_3, created_dtm, created_by, deleted) values(4015, 5,15,'_AK1','电梯舒适感是否良好；★',0,'Z21','Z225015','Z235015',SYSDATE,0,0);
insert into SYSTEM_FORM_ELEMENT(id, form_id, seq, type, subject, point, other_1, other_2, other_3, created_dtm, created_by, deleted) values(4016, 5,16,'_AK1','0％－110％的电流，电压数据的取得；调试报告的确认和收集; ★',0,'Z21','Z225016','Z235016',SYSDATE,0,0);
insert into SYSTEM_FORM_ELEMENT(id, form_id, seq, type, subject, point, other_1, other_2, other_3, created_dtm, created_by, deleted) values(4017, 5,17,'_AK1','110％的高速运行正常；',0,'Z21','Z225017','Z235017',SYSDATE,0,0);
insert into SYSTEM_FORM_ELEMENT(id, form_id, seq, type, subject, point, other_1, other_2, other_3, created_dtm, created_by, deleted) values(4018, 5,18,'_AK1','COP内登陆正常，显示正常；（含副COP，残障COP）；',0,'Z21','Z225018','Z235018',SYSDATE,0,0);
insert into SYSTEM_FORM_ELEMENT(id, form_id, seq, type, subject, point, other_1, other_2, other_3, created_dtm, created_by, deleted) values(4019, 5,19,'_AK1','轿厢风扇，照明正常，应急灯；司机、专用功能等正常；',0,'Z21','Z225019','Z235019',SYSDATE,0,0);
insert into SYSTEM_FORM_ELEMENT(id, form_id, seq, type, subject, point, other_1, other_2, other_3, created_dtm, created_by, deleted) values(4020, 5,20,'_AK1','机房及厅门口孔洞封堵；',0,'Z21','Z225020','Z235020',SYSDATE,0,0);
insert into SYSTEM_FORM_ELEMENT(id, form_id, seq, type, subject, point, other_1, other_2, other_3, created_dtm, created_by, deleted) values(4021, 5,21,'_AK1','乘场显示是否正常；乘场呼梯是否正常（含残障）；',0,'Z21','Z225021','Z235021',SYSDATE,0,0);
insert into SYSTEM_FORM_ELEMENT(id, form_id, seq, type, subject, point, other_1, other_2, other_3, created_dtm, created_by, deleted) values(4022, 5,22,'_AK1','消防运行正常；火灾管制运行正常★',0,'Z21','Z225022','Z235022',SYSDATE,0,0);
insert into SYSTEM_FORM_ELEMENT(id, form_id, seq, type, subject, point, other_1, other_2, other_3, created_dtm, created_by, deleted) values(4023, 5,23,'_AK1','对讲机通话良好；',0,'Z21','Z225023','Z235023',SYSDATE,0,0);
insert into SYSTEM_FORM_ELEMENT(id, form_id, seq, type, subject, point, other_1, other_2, other_3, created_dtm, created_by, deleted) values(4024, 5,24,'_AK1','2台（及以上）联动正常；  ★',0,'Z21','Z225024','Z235024',SYSDATE,0,0);
insert into SYSTEM_FORM_ELEMENT(id, form_id, seq, type, subject, point, other_1, other_2, other_3, created_dtm, created_by, deleted) values(4025, 5,25,'_AK1','其他附加功能测试正常；（具体内容填在备注栏）；',0,'Z21','Z225025','Z235025',SYSDATE,0,0);
insert into SYSTEM_FORM_ELEMENT(id, form_id, seq, type, subject, point, other_1, other_2, other_3, created_dtm, created_by, deleted) values(4026, 5,26,'_AK1','现场遗留问题1',0,'Z21','Z225026','Z235026',SYSDATE,0,0);
insert into SYSTEM_FORM_ELEMENT(id, form_id, seq, type, subject, point, other_1, other_2, other_3, created_dtm, created_by, deleted) values(4027, 5,27,'_AK1','现场遗留问题2',0,'Z21','Z225027','Z235027',SYSDATE,0,0);
insert into SYSTEM_FORM_ELEMENT(id, form_id, seq, type, subject, point, other_1, other_2, other_3, created_dtm, created_by, deleted) values(4028, 5,28,'_AK1','现场遗留问题3',0,'Z21','Z225028','Z235028',SYSDATE,0,0);


insert into system_element_category(form_element_id,category) values(4001,'_BF1');
insert into system_element_category(form_element_id,category) values(4002,'_BF1');
insert into system_element_category(form_element_id,category) values(4003,'_BF1');
insert into system_element_category(form_element_id,category) values(4004,'_BF1');
insert into system_element_category(form_element_id,category) values(4005,'_BF1');
insert into system_element_category(form_element_id,category) values(4006,'_BF1');
insert into system_element_category(form_element_id,category) values(4007,'_BF1');
insert into system_element_category(form_element_id,category) values(4008,'_BF1');
insert into system_element_category(form_element_id,category) values(4009,'_BF1');
insert into system_element_category(form_element_id,category) values(4010,'_BF1');
insert into system_element_category(form_element_id,category) values(4011,'_BF1');
insert into system_element_category(form_element_id,category) values(4012,'_BF1');
insert into system_element_category(form_element_id,category) values(4013,'_BF1');
insert into system_element_category(form_element_id,category) values(4014,'_BF1');
insert into system_element_category(form_element_id,category) values(4015,'_BF1');
insert into system_element_category(form_element_id,category) values(4016,'_BF1');
insert into system_element_category(form_element_id,category) values(4017,'_BF1');
insert into system_element_category(form_element_id,category) values(4018,'_BF1');
insert into system_element_category(form_element_id,category) values(4019,'_BF1');
insert into system_element_category(form_element_id,category) values(4020,'_BF1');
insert into system_element_category(form_element_id,category) values(4021,'_BF1');
insert into system_element_category(form_element_id,category) values(4022,'_BF1');
insert into system_element_category(form_element_id,category) values(4023,'_BF1');
insert into system_element_category(form_element_id,category) values(4024,'_BF1');
insert into system_element_category(form_element_id,category) values(4025,'_BF1');
insert into system_element_category(form_element_id,category) values(4026,'_BF1');
insert into system_element_category(form_element_id,category) values(4027,'_BF1');
insert into system_element_category(form_element_id,category) values(4028,'_BF1');


insert into SYSTEM_QUESTION(id, type, subject, point, other_1, other_2, other_3, created_dtm, created_by, deleted) values(4001,'_AKF','主电源和控制柜电源电压±7%; ','0','Z21','Z225001','Z235001',SYSDATE,0,0);
insert into SYSTEM_QUESTION(id, type, subject, point, other_1, other_2, other_3, created_dtm, created_by, deleted) values(4002,'_AKF','DC门回路正常，无短接，乘场门确认；  ★','0','Z21','Z225002','Z235002',SYSDATE,0,0);
insert into SYSTEM_QUESTION(id, type, subject, point, other_1, other_2, other_3, created_dtm, created_by, deleted) values(4003,'_AKF','CC安全回路正常，无短接； ★','0','Z21','Z225003','Z235003',SYSDATE,0,0);
insert into SYSTEM_QUESTION(id, type, subject, point, other_1, other_2, other_3, created_dtm, created_by, deleted) values(4004,'_AKF','控制柜内所有保险丝无短接，保险丝规格确认；','0','Z21','Z225004','Z235004',SYSDATE,0,0);
insert into SYSTEM_QUESTION(id, type, subject, point, other_1, other_2, other_3, created_dtm, created_by, deleted) values(4005,'_AKF','控制柜绝缘测量; ★','0','Z21','Z225005','Z235005',SYSDATE,0,0);
insert into SYSTEM_QUESTION(id, type, subject, point, other_1, other_2, other_3, created_dtm, created_by, deleted) values(4006,'_AKF','控制柜内线路整齐，清洁；','0','Z21','Z225006','Z235006',SYSDATE,0,0);
insert into SYSTEM_QUESTION(id, type, subject, point, other_1, other_2, other_3, created_dtm, created_by, deleted) values(4007,'_AKF','电梯高速运行时是否有异响; ','0','Z21','Z225007','Z235007',SYSDATE,0,0);
insert into SYSTEM_QUESTION(id, type, subject, point, other_1, other_2, other_3, created_dtm, created_by, deleted) values(4008,'_AKF','滑动导靴（滚动导靴）的尺寸确认（平衡重块的安装位置是否正确）；★','0','Z21','Z225008','Z235008',SYSDATE,0,0);
insert into SYSTEM_QUESTION(id, type, subject, point, other_1, other_2, other_3, created_dtm, created_by, deleted) values(4009,'_AKF','导轨是否清洁；','0','Z21','Z225009','Z235009',SYSDATE,0,0);
insert into SYSTEM_QUESTION(id, type, subject, point, other_1, other_2, other_3, created_dtm, created_by, deleted) values(4010,'_AKF','安全钳的确认； ★','0','Z21','Z225010','Z235010',SYSDATE,0,0);
insert into SYSTEM_QUESTION(id, type, subject, point, other_1, other_2, other_3, created_dtm, created_by, deleted) values(4011,'_AKF','抱闸微动开关确认；','0','Z21','Z225011','Z235011',SYSDATE,0,0);
insert into SYSTEM_QUESTION(id, type, subject, point, other_1, other_2, other_3, created_dtm, created_by, deleted) values(4012,'_AKF','门速调整完毕（门控PDSET是否完成）；','0','Z21','Z225012','Z235012',SYSDATE,0,0);
insert into SYSTEM_QUESTION(id, type, subject, point, other_1, other_2, other_3, created_dtm, created_by, deleted) values(4013,'_AKF','BL（45％－50％）的完成；确认电梯预留装潢重量（     ）★','0','Z21','Z225013','Z235013',SYSDATE,0,0);
insert into SYSTEM_QUESTION(id, type, subject, point, other_1, other_2, other_3, created_dtm, created_by, deleted) values(4014,'_AKF','超满载的调整的确认；★','0','Z21','Z225014','Z235014',SYSDATE,0,0);
insert into SYSTEM_QUESTION(id, type, subject, point, other_1, other_2, other_3, created_dtm, created_by, deleted) values(4015,'_AKF','电梯舒适感是否良好；★','0','Z21','Z225015','Z235015',SYSDATE,0,0);
insert into SYSTEM_QUESTION(id, type, subject, point, other_1, other_2, other_3, created_dtm, created_by, deleted) values(4016,'_AKF','0％－110％的电流，电压数据的取得；调试报告的确认和收集; ★','0','Z21','Z225016','Z235016',SYSDATE,0,0);
insert into SYSTEM_QUESTION(id, type, subject, point, other_1, other_2, other_3, created_dtm, created_by, deleted) values(4017,'_AKF','110％的高速运行正常；','0','Z21','Z225017','Z235017',SYSDATE,0,0);
insert into SYSTEM_QUESTION(id, type, subject, point, other_1, other_2, other_3, created_dtm, created_by, deleted) values(4018,'_AKF','COP内登陆正常，显示正常；（含副COP，残障COP）；','0','Z21','Z225018','Z235018',SYSDATE,0,0);
insert into SYSTEM_QUESTION(id, type, subject, point, other_1, other_2, other_3, created_dtm, created_by, deleted) values(4019,'_AKF','轿厢风扇，照明正常，应急灯；司机、专用功能等正常；','0','Z21','Z225019','Z235019',SYSDATE,0,0);
insert into SYSTEM_QUESTION(id, type, subject, point, other_1, other_2, other_3, created_dtm, created_by, deleted) values(4020,'_AKF','机房及厅门口孔洞封堵；','0','Z21','Z225020','Z235020',SYSDATE,0,0);
insert into SYSTEM_QUESTION(id, type, subject, point, other_1, other_2, other_3, created_dtm, created_by, deleted) values(4021,'_AKF','乘场显示是否正常；乘场呼梯是否正常（含残障）；','0','Z21','Z225021','Z235021',SYSDATE,0,0);
insert into SYSTEM_QUESTION(id, type, subject, point, other_1, other_2, other_3, created_dtm, created_by, deleted) values(4022,'_AKF','消防运行正常；火灾管制运行正常★','0','Z21','Z225022','Z235022',SYSDATE,0,0);
insert into SYSTEM_QUESTION(id, type, subject, point, other_1, other_2, other_3, created_dtm, created_by, deleted) values(4023,'_AKF','对讲机通话良好；','0','Z21','Z225023','Z235023',SYSDATE,0,0);
insert into SYSTEM_QUESTION(id, type, subject, point, other_1, other_2, other_3, created_dtm, created_by, deleted) values(4024,'_AKF','2台（及以上）联动正常；  ★','0','Z21','Z225024','Z235024',SYSDATE,0,0);
insert into SYSTEM_QUESTION(id, type, subject, point, other_1, other_2, other_3, created_dtm, created_by, deleted) values(4025,'_AKF','其他附加功能测试正常；（具体内容填在备注栏）；','0','Z21','Z225025','Z235025',SYSDATE,0,0);
insert into SYSTEM_QUESTION(id, type, subject, point, other_1, other_2, other_3, created_dtm, created_by, deleted) values(4026,'_AKF','现场遗留问题1','0','Z21','Z225026','Z235026',SYSDATE,0,0);
insert into SYSTEM_QUESTION(id, type, subject, point, other_1, other_2, other_3, created_dtm, created_by, deleted) values(4027,'_AKF','现场遗留问题2','0','Z21','Z225027','Z235027',SYSDATE,0,0);
insert into SYSTEM_QUESTION(id, type, subject, point, other_1, other_2, other_3, created_dtm, created_by, deleted) values(4028,'_AKF','现场遗留问题3','0','Z21','Z225028','Z235028',SYSDATE,0,0);

insert into system_question_category(question_id,category) values(4001,'_BF1');
insert into system_question_category(question_id,category) values(4002,'_BF1');
insert into system_question_category(question_id,category) values(4003,'_BF1');
insert into system_question_category(question_id,category) values(4004,'_BF1');
insert into system_question_category(question_id,category) values(4005,'_BF1');
insert into system_question_category(question_id,category) values(4006,'_BF1');
insert into system_question_category(question_id,category) values(4007,'_BF1');
insert into system_question_category(question_id,category) values(4008,'_BF1');
insert into system_question_category(question_id,category) values(4009,'_BF1');
insert into system_question_category(question_id,category) values(4010,'_BF1');
insert into system_question_category(question_id,category) values(4011,'_BF1');
insert into system_question_category(question_id,category) values(4012,'_BF1');
insert into system_question_category(question_id,category) values(4013,'_BF1');
insert into system_question_category(question_id,category) values(4014,'_BF1');
insert into system_question_category(question_id,category) values(4015,'_BF1');
insert into system_question_category(question_id,category) values(4016,'_BF1');
insert into system_question_category(question_id,category) values(4017,'_BF1');
insert into system_question_category(question_id,category) values(4018,'_BF1');
insert into system_question_category(question_id,category) values(4019,'_BF1');
insert into system_question_category(question_id,category) values(4020,'_BF1');
insert into system_question_category(question_id,category) values(4021,'_BF1');
insert into system_question_category(question_id,category) values(4022,'_BF1');
insert into system_question_category(question_id,category) values(4023,'_BF1');
insert into system_question_category(question_id,category) values(4024,'_BF1');
insert into system_question_category(question_id,category) values(4025,'_BF1');
insert into system_question_category(question_id,category) values(4026,'_BF1');
insert into system_question_category(question_id,category) values(4027,'_BF1');
insert into system_question_category(question_id,category) values(4028,'_BF1');

update SYSTEM_FORM_ELEMENT set code = (SEQ || '') where FORM_ID=5;