delete from PD_REQUEST_MIDDLE_CHECK ;
delete from PD_REQUEST_DIAG ;
delete from PD_REQUEST_OVERALL_CHECK ;
delete from PD_PROJECT_INFO ;
delete from PD_MACHINE_INFO ;

INSERT INTO "PD_PROJECT_INFO" (ID, PROJECT_ID, PROJECT_NAME, EL_NUM, ESC_NUM, BUILDING_PROVINCE_ID, BUILDING_SITE_ADDRESS, INSTALL_SUBCOMPANY_ID, INSTALL_SUBCOMPANY_NAME, INSTALL_REGION_ID, INSTALL_VENDOR_ID, emphasis_flag, VERSION, CREATED_DTM, CREATED_BY, DELETED)
                       VALUES ('1', 'GA121556', '万科梦想派', '10', '10', '0', '上海xxxx地', '0', '上海分公司', '0', '0', '1', '0', TO_DATE('2015-12-29 06:59:07', 'YYYY-MM-DD HH24:MI:SS'), '0', '0');
INSERT INTO "PD_MACHINE_INFO" (ID, SEQID, PROJECT_ID, MACHINE_NO, MACHINE_NAME, MACHINE_KIND_ID, BRIEF_SPEC, INSTALL_VENDOR_ID, VERSION, CREATED_DTM, CREATED_BY, DELETED)
                       VALUES ('1', '1', 'GA121556', 'L17', '第17号电梯', '0', 'P11N(821)-CO60-11S/11F', '0', '0', TO_DATE('2015-12-29 07:07:02', 'YYYY-MM-DD HH24:MI:SS'), '0', '0');

INSERT INTO "PD_REQUEST_MIDDLE_CHECK" (ID, MACHINE_SEQID, INSTALL_DIRECTOR, HALF_INSTALL_DIRECTOR_PHONE, CHECK_PHASES, APPLY_DATE, INSTALL_START_REAL_DATE, SCHEDULE_DATE, INSTALL_LOGS, NOTES, R_MID_QUALITY_PERSON, R_MID_QUALITY_SCORE, R_MID_END_DATE, R_MID_ACCEPTANCE_DATE, R_MID_CHECK_RESULT, R_MID_RECTIFICATION_DAYS, R_MID_RECHECK_INSPECTOR, R_MID_RECHECK_DATE, R_MID_RECHECK_SCORE, R_MID_RECHECK_RESULT, WRITE_BACK_STATUS, VERSION, CREATED_DTM, CREATED_BY, DELETED)
                       VALUES ('1', '1', '刘峰', '15829406771', '初检', TO_DATE('2015-12-29 07:21:48', 'YYYY-MM-DD HH24:MI:SS'), TO_DATE('2015-12-29 07:21:52', 'YYYY-MM-DD HH24:MI:SS'), TO_DATE('2015-12-29 07:21:58', 'YYYY-MM-DD HH24:MI:SS'), '有', '有', '陈飞宁', '112', TO_DATE('2015-12-29 07:23:42', 'YYYY-MM-DD HH24:MI:SS'), TO_DATE('2015-12-29 07:23:50', 'YYYY-MM-DD HH24:MI:SS'), '1', '2', '陈飞宁', TO_DATE('2015-12-29 07:24:30', 'YYYY-MM-DD HH24:MI:SS'), '150', '1', '1', '0', TO_DATE('2015-12-29 07:25:07', 'YYYY-MM-DD HH24:MI:SS'), '0', '0');
INSERT INTO "PD_REQUEST_MIDDLE_CHECK" (ID, MACHINE_SEQID, INSTALL_DIRECTOR, HALF_INSTALL_DIRECTOR_PHONE, CHECK_PHASES, APPLY_DATE, INSTALL_START_REAL_DATE, SCHEDULE_DATE, INSTALL_LOGS, NOTES, R_MID_QUALITY_PERSON, R_MID_QUALITY_SCORE, R_MID_END_DATE, R_MID_ACCEPTANCE_DATE, R_MID_CHECK_RESULT, R_MID_RECTIFICATION_DAYS, R_MID_RECHECK_INSPECTOR, R_MID_RECHECK_DATE, R_MID_RECHECK_SCORE, R_MID_RECHECK_RESULT, WRITE_BACK_STATUS, VERSION, CREATED_DTM, CREATED_BY, DELETED)
                       VALUES ('2', '1', '刘峰', '15829406771', '复检', TO_DATE('2015-12-29 07:21:48', 'YYYY-MM-DD HH24:MI:SS'), TO_DATE('2015-12-29 07:21:52', 'YYYY-MM-DD HH24:MI:SS'), TO_DATE('2015-12-29 07:21:58', 'YYYY-MM-DD HH24:MI:SS'), '有', '有', '陈飞宁', '112', TO_DATE('2015-12-29 07:23:42', 'YYYY-MM-DD HH24:MI:SS'), TO_DATE('2015-12-29 07:23:50', 'YYYY-MM-DD HH24:MI:SS'), '1', '2', '陈飞宁', TO_DATE('2015-12-29 07:24:30', 'YYYY-MM-DD HH24:MI:SS'), '150', '1', '1', '0', TO_DATE('2015-12-29 07:25:07', 'YYYY-MM-DD HH24:MI:SS'), '0', '0');
INSERT INTO "PD_REQUEST_DIAG" (ID, MACHINE_SEQID, DIAG_SIDE, DIAG_VENDOR_ID, VERSION, CREATED_DTM, CREATED_BY, DELETED)
                       VALUES ('1', '1', '0', '0', '0', TO_DATE('2015-12-29 07:33:19', 'YYYY-MM-DD HH24:MI:SS'), '0', '0');
INSERT INTO "PD_REQUEST_OVERALL_CHECK" (ID, MACHINE_SEQID, INSTALL_DIRECTOR, INSTALL_DIRECTOR_PHONE, OVERALL_APPLY_DATE, OVERALL_CHECK_DATE, DIAG_END_DATE, INSTALL_LOGS, NOTES, DIAG_REPORT, R_CHECK_DATE, R_CHECK_START_DATE_REAL, R_CHECK_END_DATE_REAL, R_CHECK_START_DATE_SCHEDULE, R_CHECK_END_DATE_SCHEDULE, R_QUALITY_PERSON_ID, R_QUALITY_PERSON, R_CHECK_RESULT, R_ACCEPTANCE_DATE, R_RECHECK_INSPECTOR_ID, R_RECHECK_DATE, R_RECHECK_RESULT, R_SND_RECTIFICATION_DAYS, R_SND_RECTIFICATION_END_DATE, R_TRD_CHECK_INSPECTOR_ID, R_TRD_CHECK_INSPECTOR, R_TRD_CHECK_DATE, VERSION, CREATED_DTM, CREATED_BY, DELETED)
                       VALUES ('1', '1', '刘峰', '15829406771', TO_DATE('2015-12-15 07:13:00', 'YYYY-MM-DD HH24:MI:SS'), TO_DATE('2015-12-29 07:12:42', 'YYYY-MM-DD HH24:MI:SS'), TO_DATE('2015-11-09 07:12:50', 'YYYY-MM-DD HH24:MI:SS'), '有', '有', '有', TO_DATE('2015-12-29 07:14:25', 'YYYY-MM-DD HH24:MI:SS'), TO_DATE('2015-12-29 07:14:28', 'YYYY-MM-DD HH24:MI:SS'), TO_DATE('2015-12-29 07:14:30', 'YYYY-MM-DD HH24:MI:SS'), TO_DATE('2015-12-29 07:14:41', 'YYYY-MM-DD HH24:MI:SS'), TO_DATE('2015-12-29 07:14:44', 'YYYY-MM-DD HH24:MI:SS'), '0', '廖晓', '0', TO_DATE('2015-12-30 07:16:13', 'YYYY-MM-DD HH24:MI:SS'), '1', TO_DATE('2015-12-29 07:16:27', 'YYYY-MM-DD HH24:MI:SS'), '1', '2', TO_DATE('2015-12-31 07:17:31', 'YYYY-MM-DD HH24:MI:SS'), '2', '陈飞宁', TO_DATE('2015-12-30 07:18:00', 'YYYY-MM-DD HH24:MI:SS'), '0', TO_DATE('2015-12-29 07:18:25', 'YYYY-MM-DD HH24:MI:SS'), '0', '0');

INSERT INTO "PD_PROJECT_INFO" (ID, PROJECT_ID, PROJECT_NAME, EL_NUM, ESC_NUM, BUILDING_PROVINCE_ID, BUILDING_SITE_ADDRESS, INSTALL_SUBCOMPANY_ID, INSTALL_SUBCOMPANY_NAME, INSTALL_REGION_ID, INSTALL_VENDOR_ID, emphasis_flag, VERSION, CREATED_DTM, CREATED_BY, DELETED)
                       VALUES ('2', 'GA121558', '百丽明珠花园', '10', '10', '0', '江苏省南京市禄口街道信陵路448号', '0', '江苏分公司', '0', '0', '0', '0', TO_DATE('2015-12-29 06:59:07', 'YYYY-MM-DD HH24:MI:SS'), '0', '0');
INSERT INTO "PD_MACHINE_INFO" (ID, SEQID, PROJECT_ID, MACHINE_NO, MACHINE_NAME, MACHINE_KIND_ID, BRIEF_SPEC, INSTALL_VENDOR_ID, VERSION, CREATED_DTM, CREATED_BY, DELETED)
                       VALUES ('2', '2', 'GA121558', 'L18', '第18号电梯', '0', 'P11N(821)-CO60-11S/11F', '0', '0', TO_DATE('2015-12-29 07:07:02', 'YYYY-MM-DD HH24:MI:SS'), '0', '0');
INSERT INTO "PD_MACHINE_INFO" (ID, SEQID, PROJECT_ID, MACHINE_NO, MACHINE_NAME, MACHINE_KIND_ID, BRIEF_SPEC, INSTALL_VENDOR_ID, VERSION, CREATED_DTM, CREATED_BY, DELETED)
                       VALUES ('3', '3', 'GA121558', 'L19', '第19号电梯', '0', 'P11N(821)-CO60-11S/11F', '0', '0', TO_DATE('2015-12-29 07:07:02', 'YYYY-MM-DD HH24:MI:SS'), '0', '0');



INSERT INTO "PD_REQUEST_MIDDLE_CHECK" (ID, MACHINE_SEQID, INSTALL_DIRECTOR, HALF_INSTALL_DIRECTOR_PHONE, CHECK_PHASES, APPLY_DATE, INSTALL_START_REAL_DATE, SCHEDULE_DATE, INSTALL_LOGS, NOTES, R_MID_QUALITY_PERSON, R_MID_QUALITY_SCORE, R_MID_END_DATE, R_MID_ACCEPTANCE_DATE, R_MID_CHECK_RESULT, R_MID_RECTIFICATION_DAYS, R_MID_RECHECK_INSPECTOR, R_MID_RECHECK_DATE, R_MID_RECHECK_SCORE, R_MID_RECHECK_RESULT, WRITE_BACK_STATUS, VERSION, CREATED_DTM, CREATED_BY, DELETED)
                       VALUES ('3', '2', '刘东', '15829406771', '初检', TO_DATE('2015-12-29 07:21:48', 'YYYY-MM-DD HH24:MI:SS'), TO_DATE('2015-12-29 07:21:52', 'YYYY-MM-DD HH24:MI:SS'), TO_DATE('2015-12-29 07:21:58', 'YYYY-MM-DD HH24:MI:SS'), '有', '有', '陈飞宁', '112', TO_DATE('2015-12-29 07:23:42', 'YYYY-MM-DD HH24:MI:SS'), TO_DATE('2015-12-29 07:23:50', 'YYYY-MM-DD HH24:MI:SS'), '1', '2', '陈飞宁', TO_DATE('2015-12-29 07:24:30', 'YYYY-MM-DD HH24:MI:SS'), '150', '1', '1', '0', TO_DATE('2015-12-29 07:25:07', 'YYYY-MM-DD HH24:MI:SS'), '0', '0');
INSERT INTO "PD_REQUEST_MIDDLE_CHECK" (ID, MACHINE_SEQID, INSTALL_DIRECTOR, HALF_INSTALL_DIRECTOR_PHONE, CHECK_PHASES, APPLY_DATE, INSTALL_START_REAL_DATE, SCHEDULE_DATE, INSTALL_LOGS, NOTES, R_MID_QUALITY_PERSON, R_MID_QUALITY_SCORE, R_MID_END_DATE, R_MID_ACCEPTANCE_DATE, R_MID_CHECK_RESULT, R_MID_RECTIFICATION_DAYS, R_MID_RECHECK_INSPECTOR, R_MID_RECHECK_DATE, R_MID_RECHECK_SCORE, R_MID_RECHECK_RESULT, WRITE_BACK_STATUS, VERSION, CREATED_DTM, CREATED_BY, DELETED)
                       VALUES ('4', '2', '刘东', '15829406771', '复检', TO_DATE('2015-12-29 07:21:48', 'YYYY-MM-DD HH24:MI:SS'), TO_DATE('2015-12-29 07:21:52', 'YYYY-MM-DD HH24:MI:SS'), TO_DATE('2015-12-29 07:21:58', 'YYYY-MM-DD HH24:MI:SS'), '有', '有', '陈飞宁', '112', TO_DATE('2015-12-29 07:23:42', 'YYYY-MM-DD HH24:MI:SS'), TO_DATE('2015-12-29 07:23:50', 'YYYY-MM-DD HH24:MI:SS'), '1', '2', '陈飞宁', TO_DATE('2015-12-29 07:24:30', 'YYYY-MM-DD HH24:MI:SS'), '150', '1', '1', '0', TO_DATE('2015-12-29 07:25:07', 'YYYY-MM-DD HH24:MI:SS'), '0', '0');

INSERT INTO "PD_REQUEST_MIDDLE_CHECK" (ID, MACHINE_SEQID, INSTALL_DIRECTOR, HALF_INSTALL_DIRECTOR_PHONE, CHECK_PHASES, APPLY_DATE, INSTALL_START_REAL_DATE, SCHEDULE_DATE, INSTALL_LOGS, NOTES, R_MID_QUALITY_PERSON, R_MID_QUALITY_SCORE, R_MID_END_DATE, R_MID_ACCEPTANCE_DATE, R_MID_CHECK_RESULT, R_MID_RECTIFICATION_DAYS, R_MID_RECHECK_INSPECTOR, R_MID_RECHECK_DATE, R_MID_RECHECK_SCORE, R_MID_RECHECK_RESULT, WRITE_BACK_STATUS, VERSION, CREATED_DTM, CREATED_BY, DELETED)
                       VALUES ('5', '3', '刘东', '15829406771', '初检', TO_DATE('2015-12-29 07:21:48', 'YYYY-MM-DD HH24:MI:SS'), TO_DATE('2015-12-29 07:21:52', 'YYYY-MM-DD HH24:MI:SS'), TO_DATE('2015-12-29 07:21:58', 'YYYY-MM-DD HH24:MI:SS'), '有', '有', '陈飞宁', '112', TO_DATE('2015-12-29 07:23:42', 'YYYY-MM-DD HH24:MI:SS'), TO_DATE('2015-12-29 07:23:50', 'YYYY-MM-DD HH24:MI:SS'), '1', '2', '陈飞宁', TO_DATE('2015-12-29 07:24:30', 'YYYY-MM-DD HH24:MI:SS'), '150', '1', '1', '0', TO_DATE('2015-12-29 07:25:07', 'YYYY-MM-DD HH24:MI:SS'), '0', '0');


INSERT INTO "PD_REQUEST_DIAG" (ID, MACHINE_SEQID, DIAG_SIDE, DIAG_VENDOR_ID, VERSION, CREATED_DTM, CREATED_BY, DELETED)
                       VALUES ('2', '2', '0', '0', '0', TO_DATE('2015-12-29 07:33:19', 'YYYY-MM-DD HH24:MI:SS'), '0', '0');
INSERT INTO "PD_REQUEST_OVERALL_CHECK" (ID, MACHINE_SEQID, INSTALL_DIRECTOR, INSTALL_DIRECTOR_PHONE, OVERALL_APPLY_DATE, OVERALL_CHECK_DATE, DIAG_END_DATE, INSTALL_LOGS, NOTES, DIAG_REPORT, R_CHECK_DATE, R_CHECK_START_DATE_REAL, R_CHECK_END_DATE_REAL, R_CHECK_START_DATE_SCHEDULE, R_CHECK_END_DATE_SCHEDULE, R_QUALITY_PERSON_ID, R_QUALITY_PERSON, R_CHECK_RESULT, R_ACCEPTANCE_DATE, R_RECHECK_INSPECTOR_ID, R_RECHECK_DATE, R_RECHECK_RESULT, R_SND_RECTIFICATION_DAYS, R_SND_RECTIFICATION_END_DATE, R_TRD_CHECK_INSPECTOR_ID, R_TRD_CHECK_INSPECTOR, R_TRD_CHECK_DATE, VERSION, CREATED_DTM, CREATED_BY, DELETED)
                       VALUES ('2', '2', '刘东', '15829406771', TO_DATE('2015-12-15 07:13:00', 'YYYY-MM-DD HH24:MI:SS'), TO_DATE('2015-12-29 07:12:42', 'YYYY-MM-DD HH24:MI:SS'), TO_DATE('2015-11-09 07:12:50', 'YYYY-MM-DD HH24:MI:SS'), '有', '有', '有', TO_DATE('2015-12-29 07:14:25', 'YYYY-MM-DD HH24:MI:SS'), TO_DATE('2015-12-29 07:14:28', 'YYYY-MM-DD HH24:MI:SS'), TO_DATE('2015-12-29 07:14:30', 'YYYY-MM-DD HH24:MI:SS'), TO_DATE('2015-12-29 07:14:41', 'YYYY-MM-DD HH24:MI:SS'), TO_DATE('2015-12-29 07:14:44', 'YYYY-MM-DD HH24:MI:SS'), '0', '廖晓', '0', TO_DATE('2015-12-30 07:16:13', 'YYYY-MM-DD HH24:MI:SS'), '1', TO_DATE('2015-12-29 07:16:27', 'YYYY-MM-DD HH24:MI:SS'), '1', '2', TO_DATE('2015-12-31 07:17:31', 'YYYY-MM-DD HH24:MI:SS'), '2', '陈飞宁', TO_DATE('2015-12-30 07:18:00', 'YYYY-MM-DD HH24:MI:SS'), '0', TO_DATE('2015-12-29 07:18:25', 'YYYY-MM-DD HH24:MI:SS'), '0', '0');


 delete from PD_PROJECT_INFO where id>10;
 insert into PD_PROJECT_INFO VALUES('14','GA151002','双星大厦酒店及公寓楼','13','','51011','江苏省宿迁市湖滨新城银湖广场南','2','江苏分公司','1','T0B8VEE001','1','T0BPST60000','0','T0B8TBT0002','双星大厦酒店及公寓楼','综合建筑','宿迁市彩缘投资有限公司','2','1','江苏分公司',0,sysdate,0,sysdate,0,0);
 insert into PD_PROJECT_INFO VALUES('15','GA151001','瑞安市莘塍上村村F地块旧村改建','14','','57009','浙江省温州市瑞安市莘塍街道富民路','5','浙江分公司','1','T0B8U45000','0','T0B8U450000','2','T0BPJ6N0000','瑞安市莘塍上村村F地块旧村改建','住宅楼','瑞安市莘塍街道上村村经济合作社','5','1','浙江分公司',0,sysdate,0,sysdate,0,0);
 insert into PD_PROJECT_INFO VALUES('16','GA151015','沈阳碧桂园太阳城北区二期','14','','41022','辽宁省沈阳市沈北新区道义经济开发区','4','沈阳分公司','3','T0B8S79001','0','T0BCMJ40000','0','T0B8S790001','沈阳碧桂园太阳城北区二期','综合建筑','沈阳市碧桂园房地产开发有限公司','4','3','沈阳分公司',0,sysdate,0,sysdate,0,0);

delete from PD_MACHINE_INFO where id>10;
insert into PD_MACHINE_INFO VALUES('14','656557','GA151002','010','L1','43','L','P15 W(1150)-CO 150-21S/21F','CV630','T0B8VEE001','1','2','100',0,sysdate,0,sysdate,0,0);
insert into PD_MACHINE_INFO VALUES('15','656558','GA151002','020','L2','43','L','P15 W(1150)-CO 150-21S/21F','CV630','T0B8VEE001','1','2','100',0,sysdate,0,sysdate,0,0);
insert into PD_MACHINE_INFO VALUES('16','656559','GA151002','030','L3','43','L','P15 W(1150)-CO 150-21S/21F','CV630','T0B8VEE001','1','2','100',0,sysdate,0,sysdate,0,0);
insert into PD_MACHINE_INFO VALUES('17','656560','GA151002','040','L4','43','L','P15 W(1150)-CO 150-21S/21F','CV630','T0B8VEE001','1','2','100',0,sysdate,0,sysdate,0,0);
insert into PD_MACHINE_INFO VALUES('18','656561','GA151002','050','L5','43','L','P15 W(1150)-CO 120-21S/21F','CV630','T0B8VEE001','1','2','100',0,sysdate,0,sysdate,0,0);
insert into PD_MACHINE_INFO VALUES('19','656562','GA151002','060','L6','39','L','P14 W(1050)-CO 120-21S/21F','CV620','T0B8VEE001','1','1','100',0,sysdate,0,sysdate,0,0);
insert into PD_MACHINE_INFO VALUES('20','656563','GA151002','070','L7','38','L','P14 W(1050)-CO  60- 5S/ 5F','CV600','T0B8VEE001','1','2','100',0,sysdate,0,sysdate,0,0);
insert into PD_MACHINE_INFO VALUES('21','656564','GA151002','080','L8','38','L','P14 W(1050)-CO  60- 5S/ 5F','CV600','T0B8VEE001','1','2','100',0,sysdate,0,sysdate,0,0);
insert into PD_MACHINE_INFO VALUES('22','656565','GA151002','090','L9','41','L','P21 W(1600)-CO  60- 5S/ 5F','CV610','T0B8VEE001','1','2','100',0,sysdate,0,sysdate,0,0);
insert into PD_MACHINE_INFO VALUES('23','656566','GA151002','200','L20','39','L','P14 W(1050)-CO 120-23S/23F','CV620','T0B8VEE001','1','1','100',0,sysdate,0,sysdate,0,0);
insert into PD_MACHINE_INFO VALUES('24','656567','GA151002','210','L21','39','L','P14 W(1050)-CO 120-23S/23F','CV620','T0B8VEE001','1','1','100',0,sysdate,0,sysdate,0,0);
insert into PD_MACHINE_INFO VALUES('25','656568','GA151002','220','L22','39','L','P14 W(1050)-CO 120-23S/23F','CV620','T0B8VEE001','1','1','100',0,sysdate,0,sysdate,0,0);
insert into PD_MACHINE_INFO VALUES('26','656569','GA151002','230','L23','39','L','P14 W(1050)-CO 105-23S/23F','CV620','T0B8VEE001','1','1','100',0,sysdate,0,sysdate,0,0);
insert into PD_MACHINE_INFO VALUES('27','699075','GA151001','010','L1','57','L','P11 W( 825)-CO 105-18S/18F','CV626','T0B8VEE001','1','1','100',0,sysdate,0,sysdate,0,0);
insert into PD_MACHINE_INFO VALUES('28','699077','GA151001','020','L2','57','L','P11 W( 825)-CO 105-18S/18F','CV626','T0B8VEE001','1','1','100',0,sysdate,0,sysdate,0,0);
insert into PD_MACHINE_INFO VALUES('29','699076','GA151001','030','L3','57','L','P11 W( 825)-CO 105-18S/18F','CV626','T0B8VEE001','1','1','100',0,sysdate,0,sysdate,0,0);
insert into PD_MACHINE_INFO VALUES('30','699078','GA151001','040','L4','57','L','P11 W( 825)-CO 105-18S/18F','CV626','T0B8VEE001','1','1','100',0,sysdate,0,sysdate,0,0);
insert into PD_MACHINE_INFO VALUES('31','699079','GA151001','050','L5','57','L','P11 W( 825)-CO 105-17S/17F','CV626','T0B8VEE001','1','1','100',0,sysdate,0,sysdate,0,0);
insert into PD_MACHINE_INFO VALUES('32','699081','GA151001','060','L6','57','L','P11 W( 825)-CO 105-17S/17F','CV626','T0B8VEE001','1','1','100',0,sysdate,0,sysdate,0,0);
insert into PD_MACHINE_INFO VALUES('33','699080','GA151001','070','L7','57','L','P11 W( 825)-CO 105-17S/17F','CV626','T0B8VEE001','1','1','100',0,sysdate,0,sysdate,0,0);
insert into PD_MACHINE_INFO VALUES('34','699082','GA151001','080','L8','57','L','P11 W( 825)-CO 105-17S/17F','CV626','T0B8VEE001','1','1','100',0,sysdate,0,sysdate,0,0);
insert into PD_MACHINE_INFO VALUES('35','699083','GA151001','090','L9','57','L','P11 W( 825)-CO 105-16S/16F','CV626','T0B8VEE001','1','1','100',0,sysdate,0,sysdate,0,0);
insert into PD_MACHINE_INFO VALUES('36','699086','GA151001','100','L10','57','L','P11 W( 825)-CO 105-16S/16F','CV626','T0B8VEE001','1','1','100',0,sysdate,0,sysdate,0,0);
insert into PD_MACHINE_INFO VALUES('37','699084','GA151001','110','L11','57','L','P11 W( 825)-CO 105-16S/16F','CV626','T0B8VEE001','1','1','100',0,sysdate,0,sysdate,0,0);
insert into PD_MACHINE_INFO VALUES('38','699087','GA151001','120','L12','57','L','P11 W( 825)-CO 105-16S/16F','CV626','T0B8VEE001','1','1','100',0,sysdate,0,sysdate,0,0);
insert into PD_MACHINE_INFO VALUES('39','699085','GA151001','130','L13','57','L','P11 W( 825)-CO 105-16S/16F','CV626','T0B8VEE001','1','1','100',0,sysdate,0,sysdate,0,0);
insert into PD_MACHINE_INFO VALUES('40','699088','GA151001','140','L14','57','L','P11 W( 825)-CO 105-16S/16F','CV626','T0B8VEE001','1','1','100',0,sysdate,0,sysdate,0,0);
insert into PD_MACHINE_INFO VALUES('41','693213','GA151015','130','L13','40','L','P14 D(1050)-CO 105-31S/31F','CV620','T0B8VEE001','2','1','100',0,sysdate,0,sysdate,0,0);
insert into PD_MACHINE_INFO VALUES('42','693214','GA151015','140','L14','40','L','P14 D(1050)-CO 105-31S/31F','CV620','T0B8VEE001','2','1','100',0,sysdate,0,sysdate,0,0);
insert into PD_MACHINE_INFO VALUES('43','693215','GA151015','150','L15','40','L','P14 D(1050)-CO 105-31S/31F','CV620','T0B8VEE001','2','1','100',0,sysdate,0,sysdate,0,0);
insert into PD_MACHINE_INFO VALUES('44','693216','GA151015','160','L16','40','L','P14 D(1050)-CO 105-31S/31F','CV620','T0B8VEE001','2','1','100',0,sysdate,0,sysdate,0,0);
insert into PD_MACHINE_INFO VALUES('45','693217','GA151015','170','L17','40','L','P14 D(1050)-CO 105-31S/31F','CV620','T0B8VEE001','2','1','100',0,sysdate,0,sysdate,0,0);
insert into PD_MACHINE_INFO VALUES('46','693218','GA151015','180','L18','40','L','P14 D(1050)-CO 105-31S/31F','CV620','T0B8VEE001','2','1','100',0,sysdate,0,sysdate,0,0);
insert into PD_MACHINE_INFO VALUES('47','693219','GA151015','350','L35','40','L','P14 D(1050)-CO 105-28S/28F','CV620','T0B8VEE001','2','1','100',0,sysdate,0,sysdate,0,0);
insert into PD_MACHINE_INFO VALUES('48','693220','GA151015','360','L36','40','L','P14 D(1050)-CO 105-28S/28F','CV620','T0B8VEE001','2','1','100',0,sysdate,0,sysdate,0,0);
insert into PD_MACHINE_INFO VALUES('49','693221','GA151015','370','L37','40','L','P14 D(1050)-CO 105-28S/28F','CV620','T0B8VEE001','2','1','100',0,sysdate,0,sysdate,0,0);
insert into PD_MACHINE_INFO VALUES('50','693222','GA151015','380','L38','40','L','P14 D(1050)-CO 105-28S/28F','CV620','T0B8VEE001','2','1','100',0,sysdate,0,sysdate,0,0);
insert into PD_MACHINE_INFO VALUES('51','693223','GA151015','390','L39','40','L','P14 D(1050)-CO 105-32S/32F','CV620','T0B8VEE001','2','1','100',0,sysdate,0,sysdate,0,0);
insert into PD_MACHINE_INFO VALUES('52','693224','GA151015','400','L40','40','L','P14 D(1050)-CO 105-32S/32F','CV620','T0B8VEE001','2','1','100',0,sysdate,0,sysdate,0,0);
insert into PD_MACHINE_INFO VALUES('53','693225','GA151015','410','L41','40','L','P14 D(1050)-CO 105-32S/32F','CV620','T0B8VEE001','2','1','100',0,sysdate,0,sysdate,0,0);
insert into PD_MACHINE_INFO VALUES('54','693226','GA151015','420','L42','40','L','P14 D(1050)-CO 105-32S/32F','CV620','T0B8VEE001','2','1','100',0,sysdate,0,sysdate,0,0);

delete from PD_REQUEST_MIDDLE_CHECK where ID>10;
insert into PD_REQUEST_MIDDLE_CHECK(ID,MACHINE_SEQID,PROJECT_MANAGER ,INSTALL_DIRECTOR ,HALF_INSTALL_DIRECTOR_PHONE ,APPLY_TYPE ,CHECK_PHASES ,APPLY_DATE ,INSTALL_START_REAL_DATE ,SCHEDULE_DATE,INSTALL_LOGS ,NOTES ,VERSION ,CREATED_DTM ,DELETED ) values('14','656557','0439','张三','1234567890','110','1,2,3',to_date('2016-01-22','yyyy-mm-dd'),to_date('2016-01-16','yyyy-mm-dd'),to_date('2016-01-30','yyyy-mm-dd'),'现场已进入','现场已进入',0,sysdate,0);
insert into PD_REQUEST_MIDDLE_CHECK(ID,MACHINE_SEQID,PROJECT_MANAGER ,INSTALL_DIRECTOR ,HALF_INSTALL_DIRECTOR_PHONE ,APPLY_TYPE ,CHECK_PHASES ,APPLY_DATE ,INSTALL_START_REAL_DATE ,SCHEDULE_DATE,INSTALL_LOGS ,NOTES ,VERSION ,CREATED_DTM ,DELETED ) values('15','656558','0439','张三','1234567890','110','1,2,3',to_date('2016-01-22','yyyy-mm-dd'),to_date('2016-01-16','yyyy-mm-dd'),to_date('2016-01-30','yyyy-mm-dd'),'现场已进入','现场已进入',0,sysdate,0);
insert into PD_REQUEST_MIDDLE_CHECK(ID,MACHINE_SEQID,PROJECT_MANAGER ,INSTALL_DIRECTOR ,HALF_INSTALL_DIRECTOR_PHONE ,APPLY_TYPE ,CHECK_PHASES ,APPLY_DATE ,INSTALL_START_REAL_DATE ,SCHEDULE_DATE,INSTALL_LOGS ,NOTES ,VERSION ,CREATED_DTM ,DELETED ) values('16','656559','0439','张三','1234567890','110','1,2,3',to_date('2016-01-22','yyyy-mm-dd'),to_date('2016-01-16','yyyy-mm-dd'),to_date('2016-01-30','yyyy-mm-dd'),'现场已进入','现场已进入',0,sysdate,0);
insert into PD_REQUEST_MIDDLE_CHECK(ID,MACHINE_SEQID,PROJECT_MANAGER ,INSTALL_DIRECTOR ,HALF_INSTALL_DIRECTOR_PHONE ,APPLY_TYPE ,CHECK_PHASES ,APPLY_DATE ,INSTALL_START_REAL_DATE ,SCHEDULE_DATE,INSTALL_LOGS ,NOTES ,VERSION ,CREATED_DTM ,DELETED ) values('17','656560','0439','张三','1234567890','110','1,2,3',to_date('2016-01-22','yyyy-mm-dd'),to_date('2016-01-16','yyyy-mm-dd'),to_date('2016-01-30','yyyy-mm-dd'),'现场已进入','现场已进入',0,sysdate,0);
insert into PD_REQUEST_MIDDLE_CHECK(ID,MACHINE_SEQID,PROJECT_MANAGER ,INSTALL_DIRECTOR ,HALF_INSTALL_DIRECTOR_PHONE ,APPLY_TYPE ,CHECK_PHASES ,APPLY_DATE ,INSTALL_START_REAL_DATE ,SCHEDULE_DATE,INSTALL_LOGS ,NOTES ,VERSION ,CREATED_DTM ,DELETED ) values('18','656561','0439','张三','1234567890','110','1,2,3',to_date('2016-01-22','yyyy-mm-dd'),to_date('2016-01-16','yyyy-mm-dd'),to_date('2016-01-30','yyyy-mm-dd'),'现场已进入','现场已进入',0,sysdate,0);
insert into PD_REQUEST_MIDDLE_CHECK(ID,MACHINE_SEQID,PROJECT_MANAGER ,INSTALL_DIRECTOR ,HALF_INSTALL_DIRECTOR_PHONE ,APPLY_TYPE ,CHECK_PHASES ,APPLY_DATE ,INSTALL_START_REAL_DATE ,SCHEDULE_DATE,INSTALL_LOGS ,NOTES ,VERSION ,CREATED_DTM ,DELETED ) values('19','656562','0439','张三','1234567890','110','1,2,3',to_date('2016-01-22','yyyy-mm-dd'),to_date('2016-01-16','yyyy-mm-dd'),to_date('2016-01-30','yyyy-mm-dd'),'现场已进入','现场已进入',0,sysdate,0);
insert into PD_REQUEST_MIDDLE_CHECK(ID,MACHINE_SEQID,PROJECT_MANAGER ,INSTALL_DIRECTOR ,HALF_INSTALL_DIRECTOR_PHONE ,APPLY_TYPE ,CHECK_PHASES ,APPLY_DATE ,INSTALL_START_REAL_DATE ,SCHEDULE_DATE,INSTALL_LOGS ,NOTES ,VERSION ,CREATED_DTM ,DELETED ) values('20','656563','0439','张三','1234567890','110','1,2,3',to_date('2016-01-22','yyyy-mm-dd'),to_date('2016-01-16','yyyy-mm-dd'),to_date('2016-01-30','yyyy-mm-dd'),'现场已进入','现场已进入',0,sysdate,0);
insert into PD_REQUEST_MIDDLE_CHECK(ID,MACHINE_SEQID,PROJECT_MANAGER ,INSTALL_DIRECTOR ,HALF_INSTALL_DIRECTOR_PHONE ,APPLY_TYPE ,CHECK_PHASES ,APPLY_DATE ,INSTALL_START_REAL_DATE ,SCHEDULE_DATE,INSTALL_LOGS ,NOTES ,VERSION ,CREATED_DTM ,DELETED ) values('21','656564','0439','张三','1234567890','110','1,2,3',to_date('2016-01-22','yyyy-mm-dd'),to_date('2016-01-16','yyyy-mm-dd'),to_date('2016-01-30','yyyy-mm-dd'),'现场已进入','现场已进入',0,sysdate,0);
insert into PD_REQUEST_MIDDLE_CHECK(ID,MACHINE_SEQID,PROJECT_MANAGER ,INSTALL_DIRECTOR ,HALF_INSTALL_DIRECTOR_PHONE ,APPLY_TYPE ,CHECK_PHASES ,APPLY_DATE ,INSTALL_START_REAL_DATE ,SCHEDULE_DATE,INSTALL_LOGS ,NOTES ,VERSION ,CREATED_DTM ,DELETED ) values('22','699075','0983','李四','9876543210','110','4,5',to_date('2016-01-22','yyyy-mm-dd'),to_date('2016-01-18','yyyy-mm-dd'),to_date('2016-02-01','yyyy-mm-dd'),'紧急任务','紧急任务',0,sysdate,0);
insert into PD_REQUEST_MIDDLE_CHECK(ID,MACHINE_SEQID,PROJECT_MANAGER ,INSTALL_DIRECTOR ,HALF_INSTALL_DIRECTOR_PHONE ,APPLY_TYPE ,CHECK_PHASES ,APPLY_DATE ,INSTALL_START_REAL_DATE ,SCHEDULE_DATE,INSTALL_LOGS ,NOTES ,VERSION ,CREATED_DTM ,DELETED ) values('23','699077','0983','李四','9876543210','110','4,5',to_date('2016-01-22','yyyy-mm-dd'),to_date('2016-01-18','yyyy-mm-dd'),to_date('2016-02-01','yyyy-mm-dd'),'紧急任务','紧急任务',0,sysdate,0);
insert into PD_REQUEST_MIDDLE_CHECK(ID,MACHINE_SEQID,PROJECT_MANAGER ,INSTALL_DIRECTOR ,HALF_INSTALL_DIRECTOR_PHONE ,APPLY_TYPE ,CHECK_PHASES ,APPLY_DATE ,INSTALL_START_REAL_DATE ,SCHEDULE_DATE,INSTALL_LOGS ,NOTES ,VERSION ,CREATED_DTM ,DELETED ) values('24','699076','0983','李四','9876543210','110','4,5',to_date('2016-01-22','yyyy-mm-dd'),to_date('2016-01-18','yyyy-mm-dd'),to_date('2016-02-01','yyyy-mm-dd'),'紧急任务','紧急任务',0,sysdate,0);
insert into PD_REQUEST_MIDDLE_CHECK(ID,MACHINE_SEQID,PROJECT_MANAGER ,INSTALL_DIRECTOR ,HALF_INSTALL_DIRECTOR_PHONE ,APPLY_TYPE ,CHECK_PHASES ,APPLY_DATE ,INSTALL_START_REAL_DATE ,SCHEDULE_DATE,INSTALL_LOGS ,NOTES ,VERSION ,CREATED_DTM ,DELETED ) values('25','699078','0983','李四','9876543210','110','4,5',to_date('2016-01-22','yyyy-mm-dd'),to_date('2016-01-18','yyyy-mm-dd'),to_date('2016-02-01','yyyy-mm-dd'),'紧急任务','紧急任务',0,sysdate,0);
insert into PD_REQUEST_MIDDLE_CHECK(ID,MACHINE_SEQID,PROJECT_MANAGER ,INSTALL_DIRECTOR ,HALF_INSTALL_DIRECTOR_PHONE ,APPLY_TYPE ,CHECK_PHASES ,APPLY_DATE ,INSTALL_START_REAL_DATE ,SCHEDULE_DATE,INSTALL_LOGS ,NOTES ,VERSION ,CREATED_DTM ,DELETED ) values('26','699079','0983','李四','9876543210','110','4,5',to_date('2016-01-22','yyyy-mm-dd'),to_date('2016-01-18','yyyy-mm-dd'),to_date('2016-02-01','yyyy-mm-dd'),'紧急任务','紧急任务',0,sysdate,0);
insert into PD_REQUEST_MIDDLE_CHECK(ID,MACHINE_SEQID,PROJECT_MANAGER ,INSTALL_DIRECTOR ,HALF_INSTALL_DIRECTOR_PHONE ,APPLY_TYPE ,CHECK_PHASES ,APPLY_DATE ,INSTALL_START_REAL_DATE ,SCHEDULE_DATE,INSTALL_LOGS ,NOTES ,VERSION ,CREATED_DTM ,DELETED ) values('27','699081','0983','李四','9876543210','110','1,2,3,4,5',to_date('2016-01-22','yyyy-mm-dd'),to_date('2016-01-22','yyyy-mm-dd'),to_date('2016-02-01','yyyy-mm-dd'),'紧急任务','紧急任务',0,sysdate,0);
insert into PD_REQUEST_MIDDLE_CHECK(ID,MACHINE_SEQID,PROJECT_MANAGER ,INSTALL_DIRECTOR ,HALF_INSTALL_DIRECTOR_PHONE ,APPLY_TYPE ,CHECK_PHASES ,APPLY_DATE ,INSTALL_START_REAL_DATE ,SCHEDULE_DATE,INSTALL_LOGS ,NOTES ,VERSION ,CREATED_DTM ,DELETED ) values('28','699080','0983','李四','9876543210','110','1,2,3,4,5',to_date('2016-01-22','yyyy-mm-dd'),to_date('2016-01-22','yyyy-mm-dd'),to_date('2016-02-01','yyyy-mm-dd'),'紧急任务','紧急任务',0,sysdate,0);
insert into PD_REQUEST_MIDDLE_CHECK(ID,MACHINE_SEQID,PROJECT_MANAGER ,INSTALL_DIRECTOR ,HALF_INSTALL_DIRECTOR_PHONE ,APPLY_TYPE ,CHECK_PHASES ,APPLY_DATE ,INSTALL_START_REAL_DATE ,SCHEDULE_DATE,INSTALL_LOGS ,NOTES ,VERSION ,CREATED_DTM ,DELETED ) values('29','699082','0983','李四','9876543210','110','1,2,3,4,5',to_date('2016-01-22','yyyy-mm-dd'),to_date('2016-01-22','yyyy-mm-dd'),to_date('2016-02-01','yyyy-mm-dd'),'紧急任务','紧急任务',0,sysdate,0);
insert into PD_REQUEST_MIDDLE_CHECK(ID,MACHINE_SEQID,PROJECT_MANAGER ,INSTALL_DIRECTOR ,HALF_INSTALL_DIRECTOR_PHONE ,APPLY_TYPE ,CHECK_PHASES ,APPLY_DATE ,INSTALL_START_REAL_DATE ,SCHEDULE_DATE,INSTALL_LOGS ,NOTES ,VERSION ,CREATED_DTM ,DELETED ) values('30','693213','2321','王五','1212121212','210','1,2,3,4,5',to_date('2016-01-22','yyyy-mm-dd'),to_date('2016-01-22','yyyy-mm-dd'),to_date('2016-02-01','yyyy-mm-dd'),'复检任务','复检任务',0,sysdate,0);
insert into PD_REQUEST_MIDDLE_CHECK(ID,MACHINE_SEQID,PROJECT_MANAGER ,INSTALL_DIRECTOR ,HALF_INSTALL_DIRECTOR_PHONE ,APPLY_TYPE ,CHECK_PHASES ,APPLY_DATE ,INSTALL_START_REAL_DATE ,SCHEDULE_DATE,INSTALL_LOGS ,NOTES ,VERSION ,CREATED_DTM ,DELETED ) values('31','693214','2321','王五','1212121212','210','1,2,3,4,5',to_date('2016-01-22','yyyy-mm-dd'),to_date('2016-01-22','yyyy-mm-dd'),to_date('2016-02-01','yyyy-mm-dd'),'复检任务','复检任务',0,sysdate,0);
insert into PD_REQUEST_MIDDLE_CHECK(ID,MACHINE_SEQID,PROJECT_MANAGER ,INSTALL_DIRECTOR ,HALF_INSTALL_DIRECTOR_PHONE ,APPLY_TYPE ,CHECK_PHASES ,APPLY_DATE ,INSTALL_START_REAL_DATE ,SCHEDULE_DATE,INSTALL_LOGS ,NOTES ,VERSION ,CREATED_DTM ,DELETED ) values('32','693215','2321','王五','1212121212','210','1,2,3,4,5',to_date('2016-01-22','yyyy-mm-dd'),to_date('2016-01-22','yyyy-mm-dd'),to_date('2016-02-01','yyyy-mm-dd'),'复检任务','复检任务',0,sysdate,0);
insert into PD_REQUEST_MIDDLE_CHECK(ID,MACHINE_SEQID,PROJECT_MANAGER ,INSTALL_DIRECTOR ,HALF_INSTALL_DIRECTOR_PHONE ,APPLY_TYPE ,CHECK_PHASES ,APPLY_DATE ,INSTALL_START_REAL_DATE ,SCHEDULE_DATE,INSTALL_LOGS ,NOTES ,VERSION ,CREATED_DTM ,DELETED ) values('33','693216','2321','王五','1212121212','210','1,2,3,4,5',to_date('2016-01-22','yyyy-mm-dd'),to_date('2016-01-22','yyyy-mm-dd'),to_date('2016-02-01','yyyy-mm-dd'),'复检任务','复检任务',0,sysdate,0);
insert into PD_REQUEST_MIDDLE_CHECK(ID,MACHINE_SEQID,PROJECT_MANAGER ,INSTALL_DIRECTOR ,HALF_INSTALL_DIRECTOR_PHONE ,APPLY_TYPE ,CHECK_PHASES ,APPLY_DATE ,INSTALL_START_REAL_DATE ,SCHEDULE_DATE,INSTALL_LOGS ,NOTES ,VERSION ,CREATED_DTM ,DELETED ) values('34','693217','2321','王五','1212121212','210','1,2,3,4,5',to_date('2016-01-22','yyyy-mm-dd'),to_date('2016-01-22','yyyy-mm-dd'),to_date('2016-02-01','yyyy-mm-dd'),'复检任务','复检任务',0,sysdate,0);
insert into PD_REQUEST_MIDDLE_CHECK(ID,MACHINE_SEQID,PROJECT_MANAGER ,INSTALL_DIRECTOR ,HALF_INSTALL_DIRECTOR_PHONE ,APPLY_TYPE ,CHECK_PHASES ,APPLY_DATE ,INSTALL_START_REAL_DATE ,SCHEDULE_DATE,INSTALL_LOGS ,NOTES ,VERSION ,CREATED_DTM ,DELETED ) values('35','693218','2321','王五','1212121212','210','1,2,3,4,5',to_date('2016-01-22','yyyy-mm-dd'),to_date('2016-01-22','yyyy-mm-dd'),to_date('2016-02-01','yyyy-mm-dd'),'复检任务','复检任务',0,sysdate,0);
insert into PD_REQUEST_MIDDLE_CHECK(ID,MACHINE_SEQID,PROJECT_MANAGER ,INSTALL_DIRECTOR ,HALF_INSTALL_DIRECTOR_PHONE ,APPLY_TYPE ,CHECK_PHASES ,APPLY_DATE ,INSTALL_START_REAL_DATE ,SCHEDULE_DATE,INSTALL_LOGS ,NOTES ,VERSION ,CREATED_DTM ,DELETED ) values('36','693219','2321','王五','1212121212','210','1,2,3,4,5',to_date('2016-01-22','yyyy-mm-dd'),to_date('2016-01-22','yyyy-mm-dd'),to_date('2016-02-01','yyyy-mm-dd'),'复检任务','复检任务',0,sysdate,0);

delete from PD_REQUEST_OVERALL_CHECK where id>10;
insert into PD_REQUEST_OVERALL_CHECK(ID,MACHINE_SEQID,PROJECT_MANAGER,INSTALL_DIRECTOR ,INSTALL_DIRECTOR_PHONE,APPLY_TYPE,OVERALL_APPLY_DATE ,OVERALL_CHECK_DATE ,DIAG_END_DATE ,INSTALL_LOGS ,NOTES,DIAG_REPORT,VERSION,CREATED_DTM,DELETED) values('14','656565','0439','张三','1234567890','310',to_date('2016-01-22','yyyy-mm-dd'),to_date('2016-01-24','yyyy-mm-dd'),to_date('2016-01-20','yyyy-mm-dd'),'整机一次检查','整机一次检查','有',0,sysdate,0);
insert into PD_REQUEST_OVERALL_CHECK(ID,MACHINE_SEQID,PROJECT_MANAGER,INSTALL_DIRECTOR ,INSTALL_DIRECTOR_PHONE,APPLY_TYPE,OVERALL_APPLY_DATE ,OVERALL_CHECK_DATE ,DIAG_END_DATE ,INSTALL_LOGS ,NOTES,DIAG_REPORT,VERSION,CREATED_DTM,DELETED) values('15','656566','0439','张三','1234567890','310',to_date('2016-01-22','yyyy-mm-dd'),to_date('2016-01-24','yyyy-mm-dd'),to_date('2016-01-20','yyyy-mm-dd'),'整机一次检查','整机一次检查','有',0,sysdate,0);
insert into PD_REQUEST_OVERALL_CHECK(ID,MACHINE_SEQID,PROJECT_MANAGER,INSTALL_DIRECTOR ,INSTALL_DIRECTOR_PHONE,APPLY_TYPE,OVERALL_APPLY_DATE ,OVERALL_CHECK_DATE ,DIAG_END_DATE ,INSTALL_LOGS ,NOTES,DIAG_REPORT,VERSION,CREATED_DTM,DELETED) values('16','656567','0439','张三','1234567890','410',to_date('2016-01-22','yyyy-mm-dd'),to_date('2016-01-24','yyyy-mm-dd'),to_date('2016-01-20','yyyy-mm-dd'),'整机二次检查','整机二次检查','有',0,sysdate,0);
insert into PD_REQUEST_OVERALL_CHECK(ID,MACHINE_SEQID,PROJECT_MANAGER,INSTALL_DIRECTOR ,INSTALL_DIRECTOR_PHONE,APPLY_TYPE,OVERALL_APPLY_DATE ,OVERALL_CHECK_DATE ,DIAG_END_DATE ,INSTALL_LOGS ,NOTES,DIAG_REPORT,VERSION,CREATED_DTM,DELETED) values('17','656568','0439','张三','1234567890','410',to_date('2016-01-22','yyyy-mm-dd'),to_date('2016-01-24','yyyy-mm-dd'),to_date('2016-01-20','yyyy-mm-dd'),'整机二次检查','整机二次检查','有',0,sysdate,0);
insert into PD_REQUEST_OVERALL_CHECK(ID,MACHINE_SEQID,PROJECT_MANAGER,INSTALL_DIRECTOR ,INSTALL_DIRECTOR_PHONE,APPLY_TYPE,OVERALL_APPLY_DATE ,OVERALL_CHECK_DATE ,DIAG_END_DATE ,INSTALL_LOGS ,NOTES,DIAG_REPORT,VERSION,CREATED_DTM,DELETED) values('18','656569','0439','张三','1234567890','510',to_date('2016-01-22','yyyy-mm-dd'),to_date('2016-01-24','yyyy-mm-dd'),to_date('2016-01-20','yyyy-mm-dd'),'整机三次检查','整机三次检查','有',0,sysdate,0);
insert into PD_REQUEST_OVERALL_CHECK(ID,MACHINE_SEQID,PROJECT_MANAGER,INSTALL_DIRECTOR ,INSTALL_DIRECTOR_PHONE,APPLY_TYPE,OVERALL_APPLY_DATE ,OVERALL_CHECK_DATE ,DIAG_END_DATE ,INSTALL_LOGS ,NOTES,DIAG_REPORT,VERSION,CREATED_DTM,DELETED) values('19','699083','0983','李四','9876543210','410',to_date('2016-01-22','yyyy-mm-dd'),to_date('2016-01-24','yyyy-mm-dd'),to_date('2016-01-20','yyyy-mm-dd'),'整机二次检查','整机二次检查','有',0,sysdate,0);
insert into PD_REQUEST_OVERALL_CHECK(ID,MACHINE_SEQID,PROJECT_MANAGER,INSTALL_DIRECTOR ,INSTALL_DIRECTOR_PHONE,APPLY_TYPE,OVERALL_APPLY_DATE ,OVERALL_CHECK_DATE ,DIAG_END_DATE ,INSTALL_LOGS ,NOTES,DIAG_REPORT,VERSION,CREATED_DTM,DELETED) values('20','699086','0983','李四','9876543210','410',to_date('2016-01-22','yyyy-mm-dd'),to_date('2016-01-24','yyyy-mm-dd'),to_date('2016-01-20','yyyy-mm-dd'),'整机二次检查','整机二次检查','有',0,sysdate,0);
insert into PD_REQUEST_OVERALL_CHECK(ID,MACHINE_SEQID,PROJECT_MANAGER,INSTALL_DIRECTOR ,INSTALL_DIRECTOR_PHONE,APPLY_TYPE,OVERALL_APPLY_DATE ,OVERALL_CHECK_DATE ,DIAG_END_DATE ,INSTALL_LOGS ,NOTES,DIAG_REPORT,VERSION,CREATED_DTM,DELETED) values('21','699084','0983','李四','9876543210','310',to_date('2016-01-22','yyyy-mm-dd'),to_date('2016-01-24','yyyy-mm-dd'),to_date('2016-01-20','yyyy-mm-dd'),'整机一次检查','整机一次检查','有',0,sysdate,0);
insert into PD_REQUEST_OVERALL_CHECK(ID,MACHINE_SEQID,PROJECT_MANAGER,INSTALL_DIRECTOR ,INSTALL_DIRECTOR_PHONE,APPLY_TYPE,OVERALL_APPLY_DATE ,OVERALL_CHECK_DATE ,DIAG_END_DATE ,INSTALL_LOGS ,NOTES,DIAG_REPORT,VERSION,CREATED_DTM,DELETED) values('22','699087','0983','李四','9876543210','310',to_date('2016-01-22','yyyy-mm-dd'),to_date('2016-01-24','yyyy-mm-dd'),to_date('2016-01-20','yyyy-mm-dd'),'整机一次检查','整机一次检查','有',0,sysdate,0);
insert into PD_REQUEST_OVERALL_CHECK(ID,MACHINE_SEQID,PROJECT_MANAGER,INSTALL_DIRECTOR ,INSTALL_DIRECTOR_PHONE,APPLY_TYPE,OVERALL_APPLY_DATE ,OVERALL_CHECK_DATE ,DIAG_END_DATE ,INSTALL_LOGS ,NOTES,DIAG_REPORT,VERSION,CREATED_DTM,DELETED) values('23','699085','0983','李四','9876543210','510',to_date('2016-01-22','yyyy-mm-dd'),to_date('2016-01-24','yyyy-mm-dd'),to_date('2016-01-20','yyyy-mm-dd'),'整机三次检查','整机三次检查','有',0,sysdate,0);
insert into PD_REQUEST_OVERALL_CHECK(ID,MACHINE_SEQID,PROJECT_MANAGER,INSTALL_DIRECTOR ,INSTALL_DIRECTOR_PHONE,APPLY_TYPE,OVERALL_APPLY_DATE ,OVERALL_CHECK_DATE ,DIAG_END_DATE ,INSTALL_LOGS ,NOTES,DIAG_REPORT,VERSION,CREATED_DTM,DELETED) values('24','699088','0983','李四','9876543210','510',to_date('2016-01-22','yyyy-mm-dd'),to_date('2016-01-24','yyyy-mm-dd'),to_date('2016-01-20','yyyy-mm-dd'),'整机三次检查','整机三次检查','有',0,sysdate,0);
insert into PD_REQUEST_OVERALL_CHECK(ID,MACHINE_SEQID,PROJECT_MANAGER,INSTALL_DIRECTOR ,INSTALL_DIRECTOR_PHONE,APPLY_TYPE,OVERALL_APPLY_DATE ,OVERALL_CHECK_DATE ,DIAG_END_DATE ,INSTALL_LOGS ,NOTES,DIAG_REPORT,VERSION,CREATED_DTM,DELETED) values('25','693220','2321','王五','1212121212','510',to_date('2016-01-22','yyyy-mm-dd'),to_date('2016-01-24','yyyy-mm-dd'),to_date('2016-01-20','yyyy-mm-dd'),'整机三次检查','整机三次检查','有',0,sysdate,0);
insert into PD_REQUEST_OVERALL_CHECK(ID,MACHINE_SEQID,PROJECT_MANAGER,INSTALL_DIRECTOR ,INSTALL_DIRECTOR_PHONE,APPLY_TYPE,OVERALL_APPLY_DATE ,OVERALL_CHECK_DATE ,DIAG_END_DATE ,INSTALL_LOGS ,NOTES,DIAG_REPORT,VERSION,CREATED_DTM,DELETED) values('26','693221','2321','王五','1212121212','510',to_date('2016-01-22','yyyy-mm-dd'),to_date('2016-01-24','yyyy-mm-dd'),to_date('2016-01-20','yyyy-mm-dd'),'整机三次检查','整机三次检查','有',0,sysdate,0);
insert into PD_REQUEST_OVERALL_CHECK(ID,MACHINE_SEQID,PROJECT_MANAGER,INSTALL_DIRECTOR ,INSTALL_DIRECTOR_PHONE,APPLY_TYPE,OVERALL_APPLY_DATE ,OVERALL_CHECK_DATE ,DIAG_END_DATE ,INSTALL_LOGS ,NOTES,DIAG_REPORT,VERSION,CREATED_DTM,DELETED) values('27','693222','2321','王五','1212121212','310',to_date('2016-01-22','yyyy-mm-dd'),to_date('2016-01-24','yyyy-mm-dd'),to_date('2016-01-20','yyyy-mm-dd'),'整机一次检查','整机一次检查','有',0,sysdate,0);
insert into PD_REQUEST_OVERALL_CHECK(ID,MACHINE_SEQID,PROJECT_MANAGER,INSTALL_DIRECTOR ,INSTALL_DIRECTOR_PHONE,APPLY_TYPE,OVERALL_APPLY_DATE ,OVERALL_CHECK_DATE ,DIAG_END_DATE ,INSTALL_LOGS ,NOTES,DIAG_REPORT,VERSION,CREATED_DTM,DELETED) values('28','693223','2321','王五','1212121212','310',to_date('2016-01-22','yyyy-mm-dd'),to_date('2016-01-24','yyyy-mm-dd'),to_date('2016-01-20','yyyy-mm-dd'),'整机一次检查','整机一次检查','有',0,sysdate,0);
insert into PD_REQUEST_OVERALL_CHECK(ID,MACHINE_SEQID,PROJECT_MANAGER,INSTALL_DIRECTOR ,INSTALL_DIRECTOR_PHONE,APPLY_TYPE,OVERALL_APPLY_DATE ,OVERALL_CHECK_DATE ,DIAG_END_DATE ,INSTALL_LOGS ,NOTES,DIAG_REPORT,VERSION,CREATED_DTM,DELETED) values('29','693224','2321','王五','1212121212','410',to_date('2016-01-22','yyyy-mm-dd'),to_date('2016-01-24','yyyy-mm-dd'),to_date('2016-01-20','yyyy-mm-dd'),'整机二次检查','整机二次检查','有',0,sysdate,0);
insert into PD_REQUEST_OVERALL_CHECK(ID,MACHINE_SEQID,PROJECT_MANAGER,INSTALL_DIRECTOR ,INSTALL_DIRECTOR_PHONE,APPLY_TYPE,OVERALL_APPLY_DATE ,OVERALL_CHECK_DATE ,DIAG_END_DATE ,INSTALL_LOGS ,NOTES,DIAG_REPORT,VERSION,CREATED_DTM,DELETED) values('30','693225','2321','王五','1212121212','410',to_date('2016-01-22','yyyy-mm-dd'),to_date('2016-01-24','yyyy-mm-dd'),to_date('2016-01-20','yyyy-mm-dd'),'整机二次检查','整机二次检查','有',0,sysdate,0);
insert into PD_REQUEST_OVERALL_CHECK(ID,MACHINE_SEQID,PROJECT_MANAGER,INSTALL_DIRECTOR ,INSTALL_DIRECTOR_PHONE,APPLY_TYPE,OVERALL_APPLY_DATE ,OVERALL_CHECK_DATE ,DIAG_END_DATE ,INSTALL_LOGS ,NOTES,DIAG_REPORT,VERSION,CREATED_DTM,DELETED) values('31','693226','2321','王五','1212121212','510',to_date('2016-01-22','yyyy-mm-dd'),to_date('2016-01-24','yyyy-mm-dd'),to_date('2016-01-20','yyyy-mm-dd'),'整机三次检查','整机三次检查','有',0,sysdate,0);


delete from SYSTEM_TASK_FORM ;
delete from SYSTEM_TASK_COMMENT;
delete from SYSTEM_TASK_DATE ;
delete from SYSTEM_TASK_LOG ;
delete from SYSTEM_TASK_PEOPLE;

delete from SYSTEM_TASK;
delete from PD_CORRECTIVE_ACTION_DETAIL;
delete from PD_CORRECTIVE_ACTION_MASTER;
delete from SYSTEM_FORM_RESPONSE_DETAIL;
delete from SYSTEM_FORM_RESPONSE_MASTER;

INSERT INTO "SYSTEM_TASK" (ID, SUBJECT, TASK_PRIORITY, TASK_TYPE, TASK_REF_ID, STATUS, TASK_ASSIGN_TYPE, VERSION, CREATED_DTM, CREATED_BY, DELETED) 
                   VALUES ('100', 'middleCheckTask1', '_T41', '_T11', '1', '_TS1', '', '0', TO_DATE('2015-12-29 07:53:09', 'YYYY-MM-DD HH24:MI:SS'), '0', '0');
INSERT INTO "SYSTEM_TASK" (ID, SUBJECT, TASK_PRIORITY, TASK_TYPE, TASK_REF_ID, STATUS, TASK_ASSIGN_TYPE, VERSION, CREATED_DTM, CREATED_BY, DELETED) 
                   VALUES ('101', 'middleCheckTask2', '_T41', '_T11', '2', '_TS1', '', '0', TO_DATE('2015-12-29 07:53:09', 'YYYY-MM-DD HH24:MI:SS'), '0', '0');
INSERT INTO "SYSTEM_TASK" (ID, SUBJECT, TASK_PRIORITY, TASK_TYPE, TASK_REF_ID, STATUS, TASK_ASSIGN_TYPE, VERSION, CREATED_DTM, CREATED_BY, DELETED) 
                   VALUES ('102', 'overallcheckTask', '_T42', '_T13', '1', '_TS1', '', '0', TO_DATE('2015-12-29 07:53:09', 'YYYY-MM-DD HH24:MI:SS'), '0', '0');
INSERT INTO "SYSTEM_TASK" (ID, SUBJECT, TASK_PRIORITY, TASK_TYPE, TASK_REF_ID, STATUS, TASK_ASSIGN_TYPE, VERSION, CREATED_DTM, CREATED_BY, DELETED) 
                   VALUES ('103', 'diagnoseTask', '_T42', '_T12', '1', '_TS1', '_T53', '0', TO_DATE('2015-12-29 07:53:09', 'YYYY-MM-DD HH24:MI:SS'), '0', '0');

INSERT INTO "SYSTEM_TASK" (ID, SUBJECT, TASK_PRIORITY, TASK_TYPE, TASK_REF_ID, TASK_ASSIGN_TYPE, STATUS, VERSION, CREATED_DTM, CREATED_BY, DELETED)
                   VALUES ('104', 'Middle Check', '_T42', '_T11', '3', '', '_TS4', '0', TO_DATE('2015-12-29 07:53:09', 'YYYY-MM-DD HH24:MI:SS'), '0', '0');
INSERT INTO "SYSTEM_TASK" (ID, SUBJECT, TASK_PRIORITY, TASK_TYPE, TASK_REF_ID, TASK_ASSIGN_TYPE, STATUS, VERSION, CREATED_DTM, CREATED_BY, DELETED)
                   VALUES ('105', 'Middle Check', '_T42', '_T11', '4', '', '_TS1', '0', TO_DATE('2015-12-29 07:53:09', 'YYYY-MM-DD HH24:MI:SS'), '0', '0');
INSERT INTO "SYSTEM_TASK" (ID, SUBJECT, TASK_PRIORITY, TASK_TYPE, TASK_REF_ID, TASK_ASSIGN_TYPE, STATUS, VERSION, CREATED_DTM, CREATED_BY, DELETED)
                   VALUES ('106', 'Middle Check', '_T42', '_T11', '5', '', '_TS1', '0', TO_DATE('2015-12-29 07:53:09', 'YYYY-MM-DD HH24:MI:SS'), '0', '0');
INSERT INTO "SYSTEM_TASK" (ID, SUBJECT, TASK_PRIORITY, TASK_TYPE, TASK_REF_ID, TASK_ASSIGN_TYPE, STATUS, VERSION, CREATED_DTM, CREATED_BY, DELETED)
                   VALUES ('107', 'Diagnose Task', '_T42', '_T12', '2', '_T51', '_TS1', '0', TO_DATE('2015-12-29 07:53:09', 'YYYY-MM-DD HH24:MI:SS'), '0', '0');
INSERT INTO "SYSTEM_TASK" (ID, SUBJECT, TASK_PRIORITY, TASK_TYPE, TASK_REF_ID, TASK_ASSIGN_TYPE, STATUS, VERSION, CREATED_DTM, CREATED_BY, DELETED)
                   VALUES ('108', 'Overall Check Task', '_T42', '_T13', '', '2', '_TS1', '0', TO_DATE('2015-12-29 07:53:09', 'YYYY-MM-DD HH24:MI:SS'), '0', '0');

Insert into SYSTEM_TASK_FORM (ID,TASK_ID,FORM_ID,FORM_DESC,VERSION,CREATED_DTM,CREATED_BY,LAST_MODIFIED_DTM,LAST_MODIFIED_BY,DELETED) values (1,102,1,null,0,sysdate,0,null,null,0);
Insert into SYSTEM_TASK_FORM (ID,TASK_ID,FORM_ID,FORM_DESC,VERSION,CREATED_DTM,CREATED_BY,LAST_MODIFIED_DTM,LAST_MODIFIED_BY,DELETED) values (2,100,3,null,0,sysdate,0,null,null,0);
Insert into SYSTEM_TASK_FORM (ID,TASK_ID,FORM_ID,FORM_DESC,VERSION,CREATED_DTM,CREATED_BY,LAST_MODIFIED_DTM,LAST_MODIFIED_BY,DELETED) values (3,103,4,null,0,sysdate,0,null,null,0);

Insert into SYSTEM_FORM_RESPONSE_MASTER (ID,FORM_ID,TASK_ID,VERSION,CREATED_DTM,CREATED_BY,LAST_MODIFIED_DTM,LAST_MODIFIED_BY,DELETED) values (1,3,100,0,sysdate,0,null,null,0);
Insert into SYSTEM_FORM_RESPONSE_MASTER (ID,FORM_ID,TASK_ID,VERSION,CREATED_DTM,CREATED_BY,LAST_MODIFIED_DTM,LAST_MODIFIED_BY,DELETED) values (2,1,304,0,sysdate,0,null,null,0);

insert into SYSTEM_FORM_RESPONSE_DETAIL(ID, FORM_RESPONSE_MASTER_ID, FORM_ELEMENT_ID, POINT, VERSION, CREATED_DTM, DELETED) values(3,1,2003,2,0,SYSDATE,0);
insert into SYSTEM_FORM_RESPONSE_DETAIL(ID, FORM_RESPONSE_MASTER_ID, FORM_ELEMENT_ID, POINT, VERSION, CREATED_DTM, DELETED) values(9,1,2009,1,0,SYSDATE,0);
insert into SYSTEM_FORM_RESPONSE_DETAIL(ID, FORM_RESPONSE_MASTER_ID, FORM_ELEMENT_ID, POINT, VERSION, CREATED_DTM, DELETED) values(12,1,2012,3,0,SYSDATE,0);
insert into SYSTEM_FORM_RESPONSE_DETAIL(ID, FORM_RESPONSE_MASTER_ID, FORM_ELEMENT_ID, POINT, VERSION, CREATED_DTM, DELETED) values(15,1,2015,1,0,SYSDATE,0);
insert into SYSTEM_FORM_RESPONSE_DETAIL(ID, FORM_RESPONSE_MASTER_ID, FORM_ELEMENT_ID, POINT, VERSION, CREATED_DTM, DELETED) values(18,1,2018,3,0,SYSDATE,0);
insert into SYSTEM_FORM_RESPONSE_DETAIL(ID, FORM_RESPONSE_MASTER_ID, FORM_ELEMENT_ID, POINT, VERSION, CREATED_DTM, DELETED) values(21,1,2021,1,0,SYSDATE,0);
insert into SYSTEM_FORM_RESPONSE_DETAIL(ID, FORM_RESPONSE_MASTER_ID, FORM_ELEMENT_ID, POINT, VERSION, CREATED_DTM, DELETED) values(24,1,2024,1,0,SYSDATE,0);
insert into SYSTEM_FORM_RESPONSE_DETAIL(ID, FORM_RESPONSE_MASTER_ID, FORM_ELEMENT_ID, POINT, VERSION, CREATED_DTM, DELETED) values(26,1,2026,1,0,SYSDATE,0);
insert into SYSTEM_FORM_RESPONSE_DETAIL(ID, FORM_RESPONSE_MASTER_ID, FORM_ELEMENT_ID, POINT, VERSION, CREATED_DTM, DELETED) values(29,1,2029,1,0,SYSDATE,0);
insert into SYSTEM_FORM_RESPONSE_DETAIL(ID, FORM_RESPONSE_MASTER_ID, FORM_ELEMENT_ID, POINT, VERSION, CREATED_DTM, DELETED) values(32,1,2032,3,0,SYSDATE,0);
insert into SYSTEM_FORM_RESPONSE_DETAIL(ID, FORM_RESPONSE_MASTER_ID, FORM_ELEMENT_ID, POINT, VERSION, CREATED_DTM, DELETED) values(35,1,2035,1,0,SYSDATE,0);
insert into SYSTEM_FORM_RESPONSE_DETAIL(ID, FORM_RESPONSE_MASTER_ID, FORM_ELEMENT_ID, POINT, VERSION, CREATED_DTM, DELETED) values(40,1,2040,2,0,SYSDATE,0);
insert into SYSTEM_FORM_RESPONSE_DETAIL(ID, FORM_RESPONSE_MASTER_ID, FORM_ELEMENT_ID, POINT, VERSION, CREATED_DTM, DELETED) values(46,1,2046,1,0,SYSDATE,0);
insert into SYSTEM_FORM_RESPONSE_DETAIL(ID, FORM_RESPONSE_MASTER_ID, FORM_ELEMENT_ID, POINT, VERSION, CREATED_DTM, DELETED) values(48,1,2048,3,0,SYSDATE,0);
insert into SYSTEM_FORM_RESPONSE_DETAIL(ID, FORM_RESPONSE_MASTER_ID, FORM_ELEMENT_ID, POINT, VERSION, CREATED_DTM, DELETED) values(50,1,2050,2,0,SYSDATE,0);
insert into SYSTEM_FORM_RESPONSE_DETAIL(ID, FORM_RESPONSE_MASTER_ID, FORM_ELEMENT_ID, POINT, VERSION, CREATED_DTM, DELETED) values(52,1,2052,3,0,SYSDATE,0);
insert into SYSTEM_FORM_RESPONSE_DETAIL(ID, FORM_RESPONSE_MASTER_ID, FORM_ELEMENT_ID, POINT, VERSION, CREATED_DTM, DELETED) values(56,1,2056,1,0,SYSDATE,0);
insert into SYSTEM_FORM_RESPONSE_DETAIL(ID, FORM_RESPONSE_MASTER_ID, FORM_ELEMENT_ID, POINT, VERSION, CREATED_DTM, DELETED) values(60,1,2060,3,0,SYSDATE,0);
insert into SYSTEM_FORM_RESPONSE_DETAIL(ID, FORM_RESPONSE_MASTER_ID, FORM_ELEMENT_ID, POINT, VERSION, CREATED_DTM, DELETED) values(63,1,2063,1,0,SYSDATE,0);
insert into SYSTEM_FORM_RESPONSE_DETAIL(ID, FORM_RESPONSE_MASTER_ID, FORM_ELEMENT_ID, POINT, VERSION, CREATED_DTM, DELETED) values(65,1,2065,1,0,SYSDATE,0);
insert into SYSTEM_FORM_RESPONSE_DETAIL(ID, FORM_RESPONSE_MASTER_ID, FORM_ELEMENT_ID, POINT, VERSION, CREATED_DTM, DELETED) values(66,1,2066,3,0,SYSDATE,0);
insert into SYSTEM_FORM_RESPONSE_DETAIL(ID, FORM_RESPONSE_MASTER_ID, FORM_ELEMENT_ID, POINT, VERSION, CREATED_DTM, DELETED) values(68,1,2068,1,0,SYSDATE,0);
insert into SYSTEM_FORM_RESPONSE_DETAIL(ID, FORM_RESPONSE_MASTER_ID, FORM_ELEMENT_ID, POINT, VERSION, CREATED_DTM, DELETED) values(72,1,2072,3,0,SYSDATE,0);
insert into SYSTEM_FORM_RESPONSE_DETAIL(ID, FORM_RESPONSE_MASTER_ID, FORM_ELEMENT_ID, POINT, VERSION, CREATED_DTM, DELETED) values(73,1,2073,3,0,SYSDATE,0);
insert into SYSTEM_FORM_RESPONSE_DETAIL(ID, FORM_RESPONSE_MASTER_ID, FORM_ELEMENT_ID, POINT, VERSION, CREATED_DTM, DELETED) values(76,1,2076,3,0,SYSDATE,0);
insert into SYSTEM_FORM_RESPONSE_DETAIL(ID, FORM_RESPONSE_MASTER_ID, FORM_ELEMENT_ID, POINT, VERSION, CREATED_DTM, DELETED) values(79,1,2079,3,0,SYSDATE,0);
insert into SYSTEM_FORM_RESPONSE_DETAIL(ID, FORM_RESPONSE_MASTER_ID, FORM_ELEMENT_ID, POINT, VERSION, CREATED_DTM, DELETED) values(81,1,2081,3,0,SYSDATE,0);
insert into SYSTEM_FORM_RESPONSE_DETAIL(ID, FORM_RESPONSE_MASTER_ID, FORM_ELEMENT_ID, POINT, VERSION, CREATED_DTM, DELETED) values(84,1,2084,2,0,SYSDATE,0);
insert into SYSTEM_FORM_RESPONSE_DETAIL(ID, FORM_RESPONSE_MASTER_ID, FORM_ELEMENT_ID, POINT, VERSION, CREATED_DTM, DELETED) values(90,1,2090,1,0,SYSDATE,0);
insert into SYSTEM_FORM_RESPONSE_DETAIL(ID, FORM_RESPONSE_MASTER_ID, FORM_ELEMENT_ID, POINT, VERSION, CREATED_DTM, DELETED) values(93,1,2093,1,0,SYSDATE,0);
insert into SYSTEM_FORM_RESPONSE_DETAIL(ID, FORM_RESPONSE_MASTER_ID, FORM_ELEMENT_ID, POINT, VERSION, CREATED_DTM, DELETED) values(96,1,2096,1,0,SYSDATE,0);
insert into SYSTEM_FORM_RESPONSE_DETAIL(ID, FORM_RESPONSE_MASTER_ID, FORM_ELEMENT_ID, POINT, VERSION, CREATED_DTM, DELETED) values(100,1,2100,3,0,SYSDATE,0);
insert into SYSTEM_FORM_RESPONSE_DETAIL(ID, FORM_RESPONSE_MASTER_ID, FORM_ELEMENT_ID, POINT, VERSION, CREATED_DTM, DELETED) values(103,1,2103,2,0,SYSDATE,0);
insert into SYSTEM_FORM_RESPONSE_DETAIL(ID, FORM_RESPONSE_MASTER_ID, FORM_ELEMENT_ID, POINT, VERSION, CREATED_DTM, DELETED) values(109,1,2109,3,0,SYSDATE,0);
insert into SYSTEM_FORM_RESPONSE_DETAIL(ID, FORM_RESPONSE_MASTER_ID, FORM_ELEMENT_ID, POINT, VERSION, CREATED_DTM, DELETED) values(112,1,2112,1,0,SYSDATE,0);
insert into SYSTEM_FORM_RESPONSE_DETAIL(ID, FORM_RESPONSE_MASTER_ID, FORM_ELEMENT_ID, POINT, VERSION, CREATED_DTM, DELETED) values(113,1,2113,1,0,SYSDATE,0);
insert into SYSTEM_FORM_RESPONSE_DETAIL(ID, FORM_RESPONSE_MASTER_ID, FORM_ELEMENT_ID, POINT, VERSION, CREATED_DTM, DELETED) values(115,1,2115,3,0,SYSDATE,0);
insert into SYSTEM_FORM_RESPONSE_DETAIL(ID, FORM_RESPONSE_MASTER_ID, FORM_ELEMENT_ID, POINT, VERSION, CREATED_DTM, DELETED) values(116,1,2116,3,0,SYSDATE,0);
insert into SYSTEM_FORM_RESPONSE_DETAIL(ID, FORM_RESPONSE_MASTER_ID, FORM_ELEMENT_ID, POINT, VERSION, CREATED_DTM, DELETED) values(118,1,2118,3,0,SYSDATE,0);
insert into SYSTEM_FORM_RESPONSE_DETAIL(ID, FORM_RESPONSE_MASTER_ID, FORM_ELEMENT_ID, POINT, VERSION, CREATED_DTM, DELETED) values(121,1,2121,1,0,SYSDATE,0);
insert into SYSTEM_FORM_RESPONSE_DETAIL(ID, FORM_RESPONSE_MASTER_ID, FORM_ELEMENT_ID, POINT, VERSION, CREATED_DTM, DELETED) values(123,1,2123,3,0,SYSDATE,0);
insert into SYSTEM_FORM_RESPONSE_DETAIL(ID, FORM_RESPONSE_MASTER_ID, FORM_ELEMENT_ID, POINT, VERSION, CREATED_DTM, DELETED) values(124,1,2124,3,0,SYSDATE,0);
insert into SYSTEM_FORM_RESPONSE_DETAIL(ID, FORM_RESPONSE_MASTER_ID, FORM_ELEMENT_ID, POINT, VERSION, CREATED_DTM, DELETED) values(126,1,2126,2,0,SYSDATE,0);
insert into SYSTEM_FORM_RESPONSE_DETAIL(ID, FORM_RESPONSE_MASTER_ID, FORM_ELEMENT_ID, POINT, VERSION, CREATED_DTM, DELETED) values(132,1,2132,3,0,SYSDATE,0);
insert into SYSTEM_FORM_RESPONSE_DETAIL(ID, FORM_RESPONSE_MASTER_ID, FORM_ELEMENT_ID, POINT, VERSION, CREATED_DTM, DELETED) values(135,1,2135,3,0,SYSDATE,0);
insert into SYSTEM_FORM_RESPONSE_DETAIL(ID, FORM_RESPONSE_MASTER_ID, FORM_ELEMENT_ID, POINT, VERSION, CREATED_DTM, DELETED) values(138,1,2138,3,0,SYSDATE,0);
insert into SYSTEM_FORM_RESPONSE_DETAIL(ID, FORM_RESPONSE_MASTER_ID, FORM_ELEMENT_ID, POINT, VERSION, CREATED_DTM, DELETED) values(142,1,2142,1,0,SYSDATE,0);
insert into SYSTEM_FORM_RESPONSE_DETAIL(ID, FORM_RESPONSE_MASTER_ID, FORM_ELEMENT_ID, POINT, VERSION, CREATED_DTM, DELETED) values(144,1,2144,1,0,SYSDATE,0);
insert into SYSTEM_FORM_RESPONSE_DETAIL(ID, FORM_RESPONSE_MASTER_ID, FORM_ELEMENT_ID, POINT, VERSION, CREATED_DTM, DELETED) values(146,1,2146,3,0,SYSDATE,0);


Insert into PD_CORRECTIVE_ACTION_MASTER (ID,SUBJECT,DAYS_FOR_CORRECT,DATE_FOR_CORRECTED,TASK_ID,VERSION,CREATED_DTM,DELETED)
values (1,'CV620整改单',20,sysdate,100,0,sysdate,0);


insert into PD_CORRECTIVE_ACTION_DETAIL(ID,MASTER_ID,FORM_RESPONSE_DETAIL_ID,VERSION,CREATED_DTM,DELETED) values(3,1,3,0,SYSDATE,0);
insert into PD_CORRECTIVE_ACTION_DETAIL(ID,MASTER_ID,FORM_RESPONSE_DETAIL_ID,VERSION,CREATED_DTM,DELETED) values(9,1,9,0,SYSDATE,0);
insert into PD_CORRECTIVE_ACTION_DETAIL(ID,MASTER_ID,FORM_RESPONSE_DETAIL_ID,VERSION,CREATED_DTM,DELETED) values(12,1,12,0,SYSDATE,0);
insert into PD_CORRECTIVE_ACTION_DETAIL(ID,MASTER_ID,FORM_RESPONSE_DETAIL_ID,VERSION,CREATED_DTM,DELETED) values(15,1,15,0,SYSDATE,0);
insert into PD_CORRECTIVE_ACTION_DETAIL(ID,MASTER_ID,FORM_RESPONSE_DETAIL_ID,VERSION,CREATED_DTM,DELETED) values(18,1,18,0,SYSDATE,0);
insert into PD_CORRECTIVE_ACTION_DETAIL(ID,MASTER_ID,FORM_RESPONSE_DETAIL_ID,VERSION,CREATED_DTM,DELETED) values(21,1,21,0,SYSDATE,0);
insert into PD_CORRECTIVE_ACTION_DETAIL(ID,MASTER_ID,FORM_RESPONSE_DETAIL_ID,VERSION,CREATED_DTM,DELETED) values(24,1,24,0,SYSDATE,0);
insert into PD_CORRECTIVE_ACTION_DETAIL(ID,MASTER_ID,FORM_RESPONSE_DETAIL_ID,VERSION,CREATED_DTM,DELETED) values(26,1,26,0,SYSDATE,0);
insert into PD_CORRECTIVE_ACTION_DETAIL(ID,MASTER_ID,FORM_RESPONSE_DETAIL_ID,VERSION,CREATED_DTM,DELETED) values(29,1,29,0,SYSDATE,0);
insert into PD_CORRECTIVE_ACTION_DETAIL(ID,MASTER_ID,FORM_RESPONSE_DETAIL_ID,VERSION,CREATED_DTM,DELETED) values(32,1,32,0,SYSDATE,0);
insert into PD_CORRECTIVE_ACTION_DETAIL(ID,MASTER_ID,FORM_RESPONSE_DETAIL_ID,VERSION,CREATED_DTM,DELETED) values(35,1,35,0,SYSDATE,0);
insert into PD_CORRECTIVE_ACTION_DETAIL(ID,MASTER_ID,FORM_RESPONSE_DETAIL_ID,VERSION,CREATED_DTM,DELETED) values(40,1,40,0,SYSDATE,0);
insert into PD_CORRECTIVE_ACTION_DETAIL(ID,MASTER_ID,FORM_RESPONSE_DETAIL_ID,VERSION,CREATED_DTM,DELETED) values(46,1,46,0,SYSDATE,0);
insert into PD_CORRECTIVE_ACTION_DETAIL(ID,MASTER_ID,FORM_RESPONSE_DETAIL_ID,VERSION,CREATED_DTM,DELETED) values(48,1,48,0,SYSDATE,0);
insert into PD_CORRECTIVE_ACTION_DETAIL(ID,MASTER_ID,FORM_RESPONSE_DETAIL_ID,VERSION,CREATED_DTM,DELETED) values(50,1,50,0,SYSDATE,0);
insert into PD_CORRECTIVE_ACTION_DETAIL(ID,MASTER_ID,FORM_RESPONSE_DETAIL_ID,VERSION,CREATED_DTM,DELETED) values(52,1,52,0,SYSDATE,0);
insert into PD_CORRECTIVE_ACTION_DETAIL(ID,MASTER_ID,FORM_RESPONSE_DETAIL_ID,VERSION,CREATED_DTM,DELETED) values(56,1,56,0,SYSDATE,0);
insert into PD_CORRECTIVE_ACTION_DETAIL(ID,MASTER_ID,FORM_RESPONSE_DETAIL_ID,VERSION,CREATED_DTM,DELETED) values(60,1,60,0,SYSDATE,0);
insert into PD_CORRECTIVE_ACTION_DETAIL(ID,MASTER_ID,FORM_RESPONSE_DETAIL_ID,VERSION,CREATED_DTM,DELETED) values(63,1,63,0,SYSDATE,0);
insert into PD_CORRECTIVE_ACTION_DETAIL(ID,MASTER_ID,FORM_RESPONSE_DETAIL_ID,VERSION,CREATED_DTM,DELETED) values(65,1,65,0,SYSDATE,0);
insert into PD_CORRECTIVE_ACTION_DETAIL(ID,MASTER_ID,FORM_RESPONSE_DETAIL_ID,VERSION,CREATED_DTM,DELETED) values(66,1,66,0,SYSDATE,0);
insert into PD_CORRECTIVE_ACTION_DETAIL(ID,MASTER_ID,FORM_RESPONSE_DETAIL_ID,VERSION,CREATED_DTM,DELETED) values(68,1,68,0,SYSDATE,0);
insert into PD_CORRECTIVE_ACTION_DETAIL(ID,MASTER_ID,FORM_RESPONSE_DETAIL_ID,VERSION,CREATED_DTM,DELETED) values(72,1,72,0,SYSDATE,0);
insert into PD_CORRECTIVE_ACTION_DETAIL(ID,MASTER_ID,FORM_RESPONSE_DETAIL_ID,VERSION,CREATED_DTM,DELETED) values(73,1,73,0,SYSDATE,0);
insert into PD_CORRECTIVE_ACTION_DETAIL(ID,MASTER_ID,FORM_RESPONSE_DETAIL_ID,VERSION,CREATED_DTM,DELETED) values(76,1,76,0,SYSDATE,0);
insert into PD_CORRECTIVE_ACTION_DETAIL(ID,MASTER_ID,FORM_RESPONSE_DETAIL_ID,VERSION,CREATED_DTM,DELETED) values(79,1,79,0,SYSDATE,0);
insert into PD_CORRECTIVE_ACTION_DETAIL(ID,MASTER_ID,FORM_RESPONSE_DETAIL_ID,VERSION,CREATED_DTM,DELETED) values(81,1,81,0,SYSDATE,0);
insert into PD_CORRECTIVE_ACTION_DETAIL(ID,MASTER_ID,FORM_RESPONSE_DETAIL_ID,VERSION,CREATED_DTM,DELETED) values(84,1,84,0,SYSDATE,0);
insert into PD_CORRECTIVE_ACTION_DETAIL(ID,MASTER_ID,FORM_RESPONSE_DETAIL_ID,VERSION,CREATED_DTM,DELETED) values(90,1,90,0,SYSDATE,0);
insert into PD_CORRECTIVE_ACTION_DETAIL(ID,MASTER_ID,FORM_RESPONSE_DETAIL_ID,VERSION,CREATED_DTM,DELETED) values(93,1,93,0,SYSDATE,0);
insert into PD_CORRECTIVE_ACTION_DETAIL(ID,MASTER_ID,FORM_RESPONSE_DETAIL_ID,VERSION,CREATED_DTM,DELETED) values(96,1,96,0,SYSDATE,0);
insert into PD_CORRECTIVE_ACTION_DETAIL(ID,MASTER_ID,FORM_RESPONSE_DETAIL_ID,VERSION,CREATED_DTM,DELETED) values(100,1,100,0,SYSDATE,0);
insert into PD_CORRECTIVE_ACTION_DETAIL(ID,MASTER_ID,FORM_RESPONSE_DETAIL_ID,VERSION,CREATED_DTM,DELETED) values(103,1,103,0,SYSDATE,0);
insert into PD_CORRECTIVE_ACTION_DETAIL(ID,MASTER_ID,FORM_RESPONSE_DETAIL_ID,VERSION,CREATED_DTM,DELETED) values(109,1,109,0,SYSDATE,0);
insert into PD_CORRECTIVE_ACTION_DETAIL(ID,MASTER_ID,FORM_RESPONSE_DETAIL_ID,VERSION,CREATED_DTM,DELETED) values(112,1,112,0,SYSDATE,0);
insert into PD_CORRECTIVE_ACTION_DETAIL(ID,MASTER_ID,FORM_RESPONSE_DETAIL_ID,VERSION,CREATED_DTM,DELETED) values(113,1,113,0,SYSDATE,0);
insert into PD_CORRECTIVE_ACTION_DETAIL(ID,MASTER_ID,FORM_RESPONSE_DETAIL_ID,VERSION,CREATED_DTM,DELETED) values(115,1,115,0,SYSDATE,0);
insert into PD_CORRECTIVE_ACTION_DETAIL(ID,MASTER_ID,FORM_RESPONSE_DETAIL_ID,VERSION,CREATED_DTM,DELETED) values(116,1,116,0,SYSDATE,0);
insert into PD_CORRECTIVE_ACTION_DETAIL(ID,MASTER_ID,FORM_RESPONSE_DETAIL_ID,VERSION,CREATED_DTM,DELETED) values(118,1,118,0,SYSDATE,0);
insert into PD_CORRECTIVE_ACTION_DETAIL(ID,MASTER_ID,FORM_RESPONSE_DETAIL_ID,VERSION,CREATED_DTM,DELETED) values(121,1,121,0,SYSDATE,0);
insert into PD_CORRECTIVE_ACTION_DETAIL(ID,MASTER_ID,FORM_RESPONSE_DETAIL_ID,VERSION,CREATED_DTM,DELETED) values(123,1,123,0,SYSDATE,0);
insert into PD_CORRECTIVE_ACTION_DETAIL(ID,MASTER_ID,FORM_RESPONSE_DETAIL_ID,VERSION,CREATED_DTM,DELETED) values(124,1,124,0,SYSDATE,0);
insert into PD_CORRECTIVE_ACTION_DETAIL(ID,MASTER_ID,FORM_RESPONSE_DETAIL_ID,VERSION,CREATED_DTM,DELETED) values(126,1,126,0,SYSDATE,0);
insert into PD_CORRECTIVE_ACTION_DETAIL(ID,MASTER_ID,FORM_RESPONSE_DETAIL_ID,VERSION,CREATED_DTM,DELETED) values(132,1,132,0,SYSDATE,0);
insert into PD_CORRECTIVE_ACTION_DETAIL(ID,MASTER_ID,FORM_RESPONSE_DETAIL_ID,VERSION,CREATED_DTM,DELETED) values(135,1,135,0,SYSDATE,0);
insert into PD_CORRECTIVE_ACTION_DETAIL(ID,MASTER_ID,FORM_RESPONSE_DETAIL_ID,VERSION,CREATED_DTM,DELETED) values(138,1,138,0,SYSDATE,0);
insert into PD_CORRECTIVE_ACTION_DETAIL(ID,MASTER_ID,FORM_RESPONSE_DETAIL_ID,VERSION,CREATED_DTM,DELETED) values(142,1,142,0,SYSDATE,0);
insert into PD_CORRECTIVE_ACTION_DETAIL(ID,MASTER_ID,FORM_RESPONSE_DETAIL_ID,VERSION,CREATED_DTM,DELETED) values(144,1,144,0,SYSDATE,0);
insert into PD_CORRECTIVE_ACTION_DETAIL(ID,MASTER_ID,FORM_RESPONSE_DETAIL_ID,VERSION,CREATED_DTM,DELETED) values(146,1,146,0,SYSDATE,0);


INSERT INTO SYSTEM_TASK(ID, SUBJECT, TASK_PRIORITY, TASK_TYPE, TASK_REF_ID, STATUS, VERSION, CREATED_DTM, DELETED) VALUES('204','middle_check_204','_T42','_T11','14','_TS1', 0, sysdate,0);
INSERT INTO SYSTEM_TASK(ID, SUBJECT, TASK_PRIORITY, TASK_TYPE, TASK_REF_ID, STATUS, VERSION, CREATED_DTM, DELETED) VALUES('205','middle_check_205','_T42','_T11','15','_TS1', 0, sysdate,0);
INSERT INTO SYSTEM_TASK(ID, SUBJECT, TASK_PRIORITY, TASK_TYPE, TASK_REF_ID, STATUS, VERSION, CREATED_DTM, DELETED) VALUES('206','middle_check_206','_T42','_T11','16','_TS1', 0, sysdate,0);
INSERT INTO SYSTEM_TASK(ID, SUBJECT, TASK_PRIORITY, TASK_TYPE, TASK_REF_ID, STATUS, VERSION, CREATED_DTM, DELETED) VALUES('207','middle_check_207','_T42','_T11','17','_TS1', 0, sysdate,0);
INSERT INTO SYSTEM_TASK(ID, SUBJECT, TASK_PRIORITY, TASK_TYPE, TASK_REF_ID, STATUS, VERSION, CREATED_DTM, DELETED) VALUES('208','middle_check_208','_T42','_T11','18','_TS1', 0, sysdate,0);
INSERT INTO SYSTEM_TASK(ID, SUBJECT, TASK_PRIORITY, TASK_TYPE, TASK_REF_ID, STATUS, VERSION, CREATED_DTM, DELETED) VALUES('209','middle_check_209','_T42','_T11','19','_TS1', 0, sysdate,0);
INSERT INTO SYSTEM_TASK(ID, SUBJECT, TASK_PRIORITY, TASK_TYPE, TASK_REF_ID, STATUS, VERSION, CREATED_DTM, DELETED) VALUES('210','middle_check_210','_T42','_T11','20','_TS1', 0, sysdate,0);
INSERT INTO SYSTEM_TASK(ID, SUBJECT, TASK_PRIORITY, TASK_TYPE, TASK_REF_ID, STATUS, VERSION, CREATED_DTM, DELETED) VALUES('211','middle_check_211','_T42','_T11','21','_TS1', 0, sysdate,0);
INSERT INTO SYSTEM_TASK(ID, SUBJECT, TASK_PRIORITY, TASK_TYPE, TASK_REF_ID, STATUS, VERSION, CREATED_DTM, DELETED) VALUES('212','middle_check_212','_T42','_T11','22','_TS1', 0, sysdate,0);
INSERT INTO SYSTEM_TASK(ID, SUBJECT, TASK_PRIORITY, TASK_TYPE, TASK_REF_ID, STATUS, VERSION, CREATED_DTM, DELETED) VALUES('213','middle_check_213','_T42','_T11','23','_TS1', 0, sysdate,0);
INSERT INTO SYSTEM_TASK(ID, SUBJECT, TASK_PRIORITY, TASK_TYPE, TASK_REF_ID, STATUS, VERSION, CREATED_DTM, DELETED) VALUES('214','middle_check_214','_T42','_T11','24','_TS1', 0, sysdate,0);
INSERT INTO SYSTEM_TASK(ID, SUBJECT, TASK_PRIORITY, TASK_TYPE, TASK_REF_ID, STATUS, VERSION, CREATED_DTM, DELETED) VALUES('215','middle_check_215','_T42','_T11','25','_TS1', 0, sysdate,0);
INSERT INTO SYSTEM_TASK(ID, SUBJECT, TASK_PRIORITY, TASK_TYPE, TASK_REF_ID, STATUS, VERSION, CREATED_DTM, DELETED) VALUES('216','middle_check_216','_T42','_T11','26','_TS1', 0, sysdate,0);
INSERT INTO SYSTEM_TASK(ID, SUBJECT, TASK_PRIORITY, TASK_TYPE, TASK_REF_ID, STATUS, VERSION, CREATED_DTM, DELETED) VALUES('217','middle_check_217','_T42','_T11','27','_TS1', 0, sysdate,0);
INSERT INTO SYSTEM_TASK(ID, SUBJECT, TASK_PRIORITY, TASK_TYPE, TASK_REF_ID, STATUS, VERSION, CREATED_DTM, DELETED) VALUES('218','middle_check_218','_T42','_T11','28','_TS1', 0, sysdate,0);
INSERT INTO SYSTEM_TASK(ID, SUBJECT, TASK_PRIORITY, TASK_TYPE, TASK_REF_ID, STATUS, VERSION, CREATED_DTM, DELETED) VALUES('219','middle_check_219','_T42','_T11','29','_TS1', 0, sysdate,0);
INSERT INTO SYSTEM_TASK(ID, SUBJECT, TASK_PRIORITY, TASK_TYPE, TASK_REF_ID, STATUS, VERSION, CREATED_DTM, DELETED) VALUES('220','middle_check_220','_T42','_T11','30','_TS1', 0, sysdate,0);
INSERT INTO SYSTEM_TASK(ID, SUBJECT, TASK_PRIORITY, TASK_TYPE, TASK_REF_ID, STATUS, VERSION, CREATED_DTM, DELETED) VALUES('221','middle_check_221','_T42','_T11','31','_TS1', 0, sysdate,0);
INSERT INTO SYSTEM_TASK(ID, SUBJECT, TASK_PRIORITY, TASK_TYPE, TASK_REF_ID, STATUS, VERSION, CREATED_DTM, DELETED) VALUES('222','middle_check_222','_T42','_T11','32','_TS1', 0, sysdate,0);
INSERT INTO SYSTEM_TASK(ID, SUBJECT, TASK_PRIORITY, TASK_TYPE, TASK_REF_ID, STATUS, VERSION, CREATED_DTM, DELETED) VALUES('223','middle_check_223','_T42','_T11','33','_TS1', 0, sysdate,0);
INSERT INTO SYSTEM_TASK(ID, SUBJECT, TASK_PRIORITY, TASK_TYPE, TASK_REF_ID, STATUS, VERSION, CREATED_DTM, DELETED) VALUES('224','middle_check_224','_T42','_T11','34','_TS1', 0, sysdate,0);
INSERT INTO SYSTEM_TASK(ID, SUBJECT, TASK_PRIORITY, TASK_TYPE, TASK_REF_ID, STATUS, VERSION, CREATED_DTM, DELETED) VALUES('225','middle_check_225','_T42','_T11','35','_TS1', 0, sysdate,0);
INSERT INTO SYSTEM_TASK(ID, SUBJECT, TASK_PRIORITY, TASK_TYPE, TASK_REF_ID, STATUS, VERSION, CREATED_DTM, DELETED) VALUES('226','middle_check_226','_T42','_T11','36','_TS1', 0, sysdate,0);

Insert into SYSTEM_TASK_FORM (ID,TASK_ID,FORM_ID,VERSION,CREATED_DTM,DELETED) values(14,204,3,0,sysdate,0);
Insert into SYSTEM_TASK_FORM (ID,TASK_ID,FORM_ID,VERSION,CREATED_DTM,DELETED) values(15,205,3,0,sysdate,0);
Insert into SYSTEM_TASK_FORM (ID,TASK_ID,FORM_ID,VERSION,CREATED_DTM,DELETED) values(16,206,3,0,sysdate,0);
Insert into SYSTEM_TASK_FORM (ID,TASK_ID,FORM_ID,VERSION,CREATED_DTM,DELETED) values(17,207,3,0,sysdate,0);
Insert into SYSTEM_TASK_FORM (ID,TASK_ID,FORM_ID,VERSION,CREATED_DTM,DELETED) values(18,208,3,0,sysdate,0);
Insert into SYSTEM_TASK_FORM (ID,TASK_ID,FORM_ID,VERSION,CREATED_DTM,DELETED) values(19,209,3,0,sysdate,0);
Insert into SYSTEM_TASK_FORM (ID,TASK_ID,FORM_ID,VERSION,CREATED_DTM,DELETED) values(20,210,3,0,sysdate,0);
Insert into SYSTEM_TASK_FORM (ID,TASK_ID,FORM_ID,VERSION,CREATED_DTM,DELETED) values(21,211,3,0,sysdate,0);
Insert into SYSTEM_TASK_FORM (ID,TASK_ID,FORM_ID,VERSION,CREATED_DTM,DELETED) values(22,212,3,0,sysdate,0);
Insert into SYSTEM_TASK_FORM (ID,TASK_ID,FORM_ID,VERSION,CREATED_DTM,DELETED) values(23,213,3,0,sysdate,0);
Insert into SYSTEM_TASK_FORM (ID,TASK_ID,FORM_ID,VERSION,CREATED_DTM,DELETED) values(24,214,3,0,sysdate,0);
Insert into SYSTEM_TASK_FORM (ID,TASK_ID,FORM_ID,VERSION,CREATED_DTM,DELETED) values(25,215,3,0,sysdate,0);
Insert into SYSTEM_TASK_FORM (ID,TASK_ID,FORM_ID,VERSION,CREATED_DTM,DELETED) values(26,216,3,0,sysdate,0);
Insert into SYSTEM_TASK_FORM (ID,TASK_ID,FORM_ID,VERSION,CREATED_DTM,DELETED) values(27,217,3,0,sysdate,0);
Insert into SYSTEM_TASK_FORM (ID,TASK_ID,FORM_ID,VERSION,CREATED_DTM,DELETED) values(28,218,3,0,sysdate,0);
Insert into SYSTEM_TASK_FORM (ID,TASK_ID,FORM_ID,VERSION,CREATED_DTM,DELETED) values(29,219,3,0,sysdate,0);
Insert into SYSTEM_TASK_FORM (ID,TASK_ID,FORM_ID,VERSION,CREATED_DTM,DELETED) values(30,220,3,0,sysdate,0);
Insert into SYSTEM_TASK_FORM (ID,TASK_ID,FORM_ID,VERSION,CREATED_DTM,DELETED) values(31,221,3,0,sysdate,0);
Insert into SYSTEM_TASK_FORM (ID,TASK_ID,FORM_ID,VERSION,CREATED_DTM,DELETED) values(32,222,3,0,sysdate,0);
Insert into SYSTEM_TASK_FORM (ID,TASK_ID,FORM_ID,VERSION,CREATED_DTM,DELETED) values(33,223,3,0,sysdate,0);
Insert into SYSTEM_TASK_FORM (ID,TASK_ID,FORM_ID,VERSION,CREATED_DTM,DELETED) values(34,224,3,0,sysdate,0);
Insert into SYSTEM_TASK_FORM (ID,TASK_ID,FORM_ID,VERSION,CREATED_DTM,DELETED) values(35,225,3,0,sysdate,0);
Insert into SYSTEM_TASK_FORM (ID,TASK_ID,FORM_ID,VERSION,CREATED_DTM,DELETED) values(36,226,3,0,sysdate,0);


Insert into PD_CORRECTIVE_ACTION_MASTER (ID,SUBJECT,DAYS_FOR_CORRECT,TASK_ID,VERSION,CREATED_DTM,DELETED) values (104,'CV620整改单_104',20,204,0,sysdate,0);
Insert into PD_CORRECTIVE_ACTION_MASTER (ID,SUBJECT,DAYS_FOR_CORRECT,TASK_ID,VERSION,CREATED_DTM,DELETED) values (105,'CV620整改单_105',20,205,0,sysdate,0);
Insert into PD_CORRECTIVE_ACTION_MASTER (ID,SUBJECT,DAYS_FOR_CORRECT,TASK_ID,VERSION,CREATED_DTM,DELETED) values (106,'CV620整改单_106',20,206,0,sysdate,0);
Insert into PD_CORRECTIVE_ACTION_MASTER (ID,SUBJECT,DAYS_FOR_CORRECT,TASK_ID,VERSION,CREATED_DTM,DELETED) values (107,'CV620整改单_107',20,207,0,sysdate,0);
Insert into PD_CORRECTIVE_ACTION_MASTER (ID,SUBJECT,DAYS_FOR_CORRECT,TASK_ID,VERSION,CREATED_DTM,DELETED) values (108,'CV620整改单_108',20,208,0,sysdate,0);
Insert into PD_CORRECTIVE_ACTION_MASTER (ID,SUBJECT,DAYS_FOR_CORRECT,TASK_ID,VERSION,CREATED_DTM,DELETED) values (109,'CV620整改单_109',20,209,0,sysdate,0);
Insert into PD_CORRECTIVE_ACTION_MASTER (ID,SUBJECT,DAYS_FOR_CORRECT,TASK_ID,VERSION,CREATED_DTM,DELETED) values (110,'CV620整改单_110',20,210,0,sysdate,0);
Insert into PD_CORRECTIVE_ACTION_MASTER (ID,SUBJECT,DAYS_FOR_CORRECT,TASK_ID,VERSION,CREATED_DTM,DELETED) values (111,'CV620整改单_111',20,211,0,sysdate,0);
Insert into PD_CORRECTIVE_ACTION_MASTER (ID,SUBJECT,DAYS_FOR_CORRECT,TASK_ID,VERSION,CREATED_DTM,DELETED) values (112,'CV620整改单_112',20,212,0,sysdate,0);
Insert into PD_CORRECTIVE_ACTION_MASTER (ID,SUBJECT,DAYS_FOR_CORRECT,TASK_ID,VERSION,CREATED_DTM,DELETED) values (113,'CV620整改单_113',20,213,0,sysdate,0);
Insert into PD_CORRECTIVE_ACTION_MASTER (ID,SUBJECT,DAYS_FOR_CORRECT,TASK_ID,VERSION,CREATED_DTM,DELETED) values (114,'CV620整改单_114',20,214,0,sysdate,0);
Insert into PD_CORRECTIVE_ACTION_MASTER (ID,SUBJECT,DAYS_FOR_CORRECT,TASK_ID,VERSION,CREATED_DTM,DELETED) values (115,'CV620整改单_115',20,215,0,sysdate,0);
Insert into PD_CORRECTIVE_ACTION_MASTER (ID,SUBJECT,DAYS_FOR_CORRECT,TASK_ID,VERSION,CREATED_DTM,DELETED) values (116,'CV620整改单_116',20,216,0,sysdate,0);
Insert into PD_CORRECTIVE_ACTION_MASTER (ID,SUBJECT,DAYS_FOR_CORRECT,TASK_ID,VERSION,CREATED_DTM,DELETED) values (117,'CV620整改单_117',20,217,0,sysdate,0);
Insert into PD_CORRECTIVE_ACTION_MASTER (ID,SUBJECT,DAYS_FOR_CORRECT,TASK_ID,VERSION,CREATED_DTM,DELETED) values (118,'CV620整改单_118',20,218,0,sysdate,0);
Insert into PD_CORRECTIVE_ACTION_MASTER (ID,SUBJECT,DAYS_FOR_CORRECT,TASK_ID,VERSION,CREATED_DTM,DELETED) values (119,'CV620整改单_119',20,219,0,sysdate,0);
Insert into PD_CORRECTIVE_ACTION_MASTER (ID,SUBJECT,DAYS_FOR_CORRECT,TASK_ID,VERSION,CREATED_DTM,DELETED) values (120,'CV620整改单_120',20,220,0,sysdate,0);
Insert into PD_CORRECTIVE_ACTION_MASTER (ID,SUBJECT,DAYS_FOR_CORRECT,TASK_ID,VERSION,CREATED_DTM,DELETED) values (121,'CV620整改单_121',20,221,0,sysdate,0);
Insert into PD_CORRECTIVE_ACTION_MASTER (ID,SUBJECT,DAYS_FOR_CORRECT,TASK_ID,VERSION,CREATED_DTM,DELETED) values (122,'CV620整改单_122',20,222,0,sysdate,0);
Insert into PD_CORRECTIVE_ACTION_MASTER (ID,SUBJECT,DAYS_FOR_CORRECT,TASK_ID,VERSION,CREATED_DTM,DELETED) values (123,'CV620整改单_123',20,223,0,sysdate,0);
Insert into PD_CORRECTIVE_ACTION_MASTER (ID,SUBJECT,DAYS_FOR_CORRECT,TASK_ID,VERSION,CREATED_DTM,DELETED) values (124,'CV620整改单_124',20,224,0,sysdate,0);
Insert into PD_CORRECTIVE_ACTION_MASTER (ID,SUBJECT,DAYS_FOR_CORRECT,TASK_ID,VERSION,CREATED_DTM,DELETED) values (125,'CV620整改单_125',20,225,0,sysdate,0);
Insert into PD_CORRECTIVE_ACTION_MASTER (ID,SUBJECT,DAYS_FOR_CORRECT,TASK_ID,VERSION,CREATED_DTM,DELETED) values (126,'CV620整改单_126',20,226,0,sysdate,0);

INSERT INTO SYSTEM_TASK(ID, SUBJECT, TASK_PRIORITY, TASK_TYPE, TASK_REF_ID, STATUS, VERSION, CREATED_DTM, DELETED) VALUES('304','overall_check_304','_T42','_T13','14','_TS1', 0, sysdate,0);
INSERT INTO SYSTEM_TASK(ID, SUBJECT, TASK_PRIORITY, TASK_TYPE, TASK_REF_ID, STATUS, VERSION, CREATED_DTM, DELETED) VALUES('305','overall_check_305','_T42','_T13','15','_TS1', 0, sysdate,0);
INSERT INTO SYSTEM_TASK(ID, SUBJECT, TASK_PRIORITY, TASK_TYPE, TASK_REF_ID, STATUS, VERSION, CREATED_DTM, DELETED) VALUES('306','overall_check_306','_T42','_T13','16','_TS1', 0, sysdate,0);
INSERT INTO SYSTEM_TASK(ID, SUBJECT, TASK_PRIORITY, TASK_TYPE, TASK_REF_ID, STATUS, VERSION, CREATED_DTM, DELETED) VALUES('307','overall_check_307','_T42','_T13','17','_TS1', 0, sysdate,0);
INSERT INTO SYSTEM_TASK(ID, SUBJECT, TASK_PRIORITY, TASK_TYPE, TASK_REF_ID, STATUS, VERSION, CREATED_DTM, DELETED) VALUES('308','overall_check_308','_T42','_T13','18','_TS1', 0, sysdate,0);
INSERT INTO SYSTEM_TASK(ID, SUBJECT, TASK_PRIORITY, TASK_TYPE, TASK_REF_ID, STATUS, VERSION, CREATED_DTM, DELETED) VALUES('309','overall_check_309','_T42','_T13','19','_TS1', 0, sysdate,0);
INSERT INTO SYSTEM_TASK(ID, SUBJECT, TASK_PRIORITY, TASK_TYPE, TASK_REF_ID, STATUS, VERSION, CREATED_DTM, DELETED) VALUES('310','overall_check_310','_T42','_T13','20','_TS1', 0, sysdate,0);
INSERT INTO SYSTEM_TASK(ID, SUBJECT, TASK_PRIORITY, TASK_TYPE, TASK_REF_ID, STATUS, VERSION, CREATED_DTM, DELETED) VALUES('311','overall_check_311','_T42','_T13','21','_TS1', 0, sysdate,0);
INSERT INTO SYSTEM_TASK(ID, SUBJECT, TASK_PRIORITY, TASK_TYPE, TASK_REF_ID, STATUS, VERSION, CREATED_DTM, DELETED) VALUES('312','overall_check_312','_T42','_T13','22','_TS1', 0, sysdate,0);
INSERT INTO SYSTEM_TASK(ID, SUBJECT, TASK_PRIORITY, TASK_TYPE, TASK_REF_ID, STATUS, VERSION, CREATED_DTM, DELETED) VALUES('313','overall_check_313','_T42','_T13','23','_TS1', 0, sysdate,0);
INSERT INTO SYSTEM_TASK(ID, SUBJECT, TASK_PRIORITY, TASK_TYPE, TASK_REF_ID, STATUS, VERSION, CREATED_DTM, DELETED) VALUES('314','overall_check_314','_T42','_T13','24','_TS1', 0, sysdate,0);
INSERT INTO SYSTEM_TASK(ID, SUBJECT, TASK_PRIORITY, TASK_TYPE, TASK_REF_ID, STATUS, VERSION, CREATED_DTM, DELETED) VALUES('315','overall_check_315','_T42','_T13','25','_TS1', 0, sysdate,0);
INSERT INTO SYSTEM_TASK(ID, SUBJECT, TASK_PRIORITY, TASK_TYPE, TASK_REF_ID, STATUS, VERSION, CREATED_DTM, DELETED) VALUES('316','overall_check_316','_T42','_T13','26','_TS1', 0, sysdate,0);
INSERT INTO SYSTEM_TASK(ID, SUBJECT, TASK_PRIORITY, TASK_TYPE, TASK_REF_ID, STATUS, VERSION, CREATED_DTM, DELETED) VALUES('317','overall_check_317','_T42','_T13','27','_TS1', 0, sysdate,0);
INSERT INTO SYSTEM_TASK(ID, SUBJECT, TASK_PRIORITY, TASK_TYPE, TASK_REF_ID, STATUS, VERSION, CREATED_DTM, DELETED) VALUES('318','overall_check_318','_T42','_T13','28','_TS1', 0, sysdate,0);
INSERT INTO SYSTEM_TASK(ID, SUBJECT, TASK_PRIORITY, TASK_TYPE, TASK_REF_ID, STATUS, VERSION, CREATED_DTM, DELETED) VALUES('319','overall_check_319','_T42','_T13','29','_TS1', 0, sysdate,0);
INSERT INTO SYSTEM_TASK(ID, SUBJECT, TASK_PRIORITY, TASK_TYPE, TASK_REF_ID, STATUS, VERSION, CREATED_DTM, DELETED) VALUES('320','overall_check_320','_T42','_T13','30','_TS1', 0, sysdate,0);
INSERT INTO SYSTEM_TASK(ID, SUBJECT, TASK_PRIORITY, TASK_TYPE, TASK_REF_ID, STATUS, VERSION, CREATED_DTM, DELETED) VALUES('321','overall_check_321','_T42','_T13','31','_TS1', 0, sysdate,0);

Insert into SYSTEM_TASK_FORM (ID,TASK_ID,FORM_ID,VERSION,CREATED_DTM,DELETED) values(104,304,1,0,sysdate,0);
Insert into SYSTEM_TASK_FORM (ID,TASK_ID,FORM_ID,VERSION,CREATED_DTM,DELETED) values(105,305,1,0,sysdate,0);
Insert into SYSTEM_TASK_FORM (ID,TASK_ID,FORM_ID,VERSION,CREATED_DTM,DELETED) values(106,306,1,0,sysdate,0);
Insert into SYSTEM_TASK_FORM (ID,TASK_ID,FORM_ID,VERSION,CREATED_DTM,DELETED) values(107,307,1,0,sysdate,0);
Insert into SYSTEM_TASK_FORM (ID,TASK_ID,FORM_ID,VERSION,CREATED_DTM,DELETED) values(108,308,1,0,sysdate,0);
Insert into SYSTEM_TASK_FORM (ID,TASK_ID,FORM_ID,VERSION,CREATED_DTM,DELETED) values(109,309,1,0,sysdate,0);
Insert into SYSTEM_TASK_FORM (ID,TASK_ID,FORM_ID,VERSION,CREATED_DTM,DELETED) values(110,310,1,0,sysdate,0);
Insert into SYSTEM_TASK_FORM (ID,TASK_ID,FORM_ID,VERSION,CREATED_DTM,DELETED) values(111,311,1,0,sysdate,0);
Insert into SYSTEM_TASK_FORM (ID,TASK_ID,FORM_ID,VERSION,CREATED_DTM,DELETED) values(112,312,1,0,sysdate,0);
Insert into SYSTEM_TASK_FORM (ID,TASK_ID,FORM_ID,VERSION,CREATED_DTM,DELETED) values(113,313,1,0,sysdate,0);
Insert into SYSTEM_TASK_FORM (ID,TASK_ID,FORM_ID,VERSION,CREATED_DTM,DELETED) values(114,314,1,0,sysdate,0);
Insert into SYSTEM_TASK_FORM (ID,TASK_ID,FORM_ID,VERSION,CREATED_DTM,DELETED) values(115,315,1,0,sysdate,0);
Insert into SYSTEM_TASK_FORM (ID,TASK_ID,FORM_ID,VERSION,CREATED_DTM,DELETED) values(116,316,1,0,sysdate,0);
Insert into SYSTEM_TASK_FORM (ID,TASK_ID,FORM_ID,VERSION,CREATED_DTM,DELETED) values(117,317,1,0,sysdate,0);
Insert into SYSTEM_TASK_FORM (ID,TASK_ID,FORM_ID,VERSION,CREATED_DTM,DELETED) values(118,318,1,0,sysdate,0);
Insert into SYSTEM_TASK_FORM (ID,TASK_ID,FORM_ID,VERSION,CREATED_DTM,DELETED) values(119,319,1,0,sysdate,0);
Insert into SYSTEM_TASK_FORM (ID,TASK_ID,FORM_ID,VERSION,CREATED_DTM,DELETED) values(120,320,1,0,sysdate,0);
Insert into SYSTEM_TASK_FORM (ID,TASK_ID,FORM_ID,VERSION,CREATED_DTM,DELETED) values(121,321,1,0,sysdate,0);

insert into SYSTEM_FORM_RESPONSE_DETAIL(ID, FORM_RESPONSE_MASTER_ID, FORM_ELEMENT_ID, POINT, VERSION, CREATED_DTM, DELETED) values(1003,2,3,2,0,SYSDATE,0);
insert into SYSTEM_FORM_RESPONSE_DETAIL(ID, FORM_RESPONSE_MASTER_ID, FORM_ELEMENT_ID, POINT, VERSION, CREATED_DTM, DELETED) values(1006,2,6,2,0,SYSDATE,0);
insert into SYSTEM_FORM_RESPONSE_DETAIL(ID, FORM_RESPONSE_MASTER_ID, FORM_ELEMENT_ID, POINT, VERSION, CREATED_DTM, DELETED) values(1011,2,11,4,0,SYSDATE,0);
insert into SYSTEM_FORM_RESPONSE_DETAIL(ID, FORM_RESPONSE_MASTER_ID, FORM_ELEMENT_ID, POINT, VERSION, CREATED_DTM, DELETED) values(1014,2,14,2,0,SYSDATE,0);
insert into SYSTEM_FORM_RESPONSE_DETAIL(ID, FORM_RESPONSE_MASTER_ID, FORM_ELEMENT_ID, POINT, VERSION, CREATED_DTM, DELETED) values(1018,2,18,1,0,SYSDATE,0);
insert into SYSTEM_FORM_RESPONSE_DETAIL(ID, FORM_RESPONSE_MASTER_ID, FORM_ELEMENT_ID, POINT, VERSION, CREATED_DTM, DELETED) values(1021,2,21,2,0,SYSDATE,0);
insert into SYSTEM_FORM_RESPONSE_DETAIL(ID, FORM_RESPONSE_MASTER_ID, FORM_ELEMENT_ID, POINT, VERSION, CREATED_DTM, DELETED) values(1028,2,28,1,0,SYSDATE,0);
insert into SYSTEM_FORM_RESPONSE_DETAIL(ID, FORM_RESPONSE_MASTER_ID, FORM_ELEMENT_ID, POINT, VERSION, CREATED_DTM, DELETED) values(1030,2,30,1,0,SYSDATE,0);
insert into SYSTEM_FORM_RESPONSE_DETAIL(ID, FORM_RESPONSE_MASTER_ID, FORM_ELEMENT_ID, POINT, VERSION, CREATED_DTM, DELETED) values(1032,2,32,1,0,SYSDATE,0);
insert into SYSTEM_FORM_RESPONSE_DETAIL(ID, FORM_RESPONSE_MASTER_ID, FORM_ELEMENT_ID, POINT, VERSION, CREATED_DTM, DELETED) values(1034,2,34,1,0,SYSDATE,0);
insert into SYSTEM_FORM_RESPONSE_DETAIL(ID, FORM_RESPONSE_MASTER_ID, FORM_ELEMENT_ID, POINT, VERSION, CREATED_DTM, DELETED) values(1037,2,37,1,0,SYSDATE,0);
insert into SYSTEM_FORM_RESPONSE_DETAIL(ID, FORM_RESPONSE_MASTER_ID, FORM_ELEMENT_ID, POINT, VERSION, CREATED_DTM, DELETED) values(1039,2,39,2,0,SYSDATE,0);
insert into SYSTEM_FORM_RESPONSE_DETAIL(ID, FORM_RESPONSE_MASTER_ID, FORM_ELEMENT_ID, POINT, VERSION, CREATED_DTM, DELETED) values(1042,2,42,5,0,SYSDATE,0);
insert into SYSTEM_FORM_RESPONSE_DETAIL(ID, FORM_RESPONSE_MASTER_ID, FORM_ELEMENT_ID, POINT, VERSION, CREATED_DTM, DELETED) values(1047,2,47,1,0,SYSDATE,0);
insert into SYSTEM_FORM_RESPONSE_DETAIL(ID, FORM_RESPONSE_MASTER_ID, FORM_ELEMENT_ID, POINT, VERSION, CREATED_DTM, DELETED) values(1049,2,49,2,0,SYSDATE,0);
insert into SYSTEM_FORM_RESPONSE_DETAIL(ID, FORM_RESPONSE_MASTER_ID, FORM_ELEMENT_ID, POINT, VERSION, CREATED_DTM, DELETED) values(1052,2,52,1,0,SYSDATE,0);
insert into SYSTEM_FORM_RESPONSE_DETAIL(ID, FORM_RESPONSE_MASTER_ID, FORM_ELEMENT_ID, POINT, VERSION, CREATED_DTM, DELETED) values(1056,2,56,1,0,SYSDATE,0);
insert into SYSTEM_FORM_RESPONSE_DETAIL(ID, FORM_RESPONSE_MASTER_ID, FORM_ELEMENT_ID, POINT, VERSION, CREATED_DTM, DELETED) values(1058,2,58,1,0,SYSDATE,0);
insert into SYSTEM_FORM_RESPONSE_DETAIL(ID, FORM_RESPONSE_MASTER_ID, FORM_ELEMENT_ID, POINT, VERSION, CREATED_DTM, DELETED) values(1060,2,60,2,0,SYSDATE,0);
insert into SYSTEM_FORM_RESPONSE_DETAIL(ID, FORM_RESPONSE_MASTER_ID, FORM_ELEMENT_ID, POINT, VERSION, CREATED_DTM, DELETED) values(1063,2,63,2,0,SYSDATE,0);
insert into SYSTEM_FORM_RESPONSE_DETAIL(ID, FORM_RESPONSE_MASTER_ID, FORM_ELEMENT_ID, POINT, VERSION, CREATED_DTM, DELETED) values(1067,2,67,2,0,SYSDATE,0);
insert into SYSTEM_FORM_RESPONSE_DETAIL(ID, FORM_RESPONSE_MASTER_ID, FORM_ELEMENT_ID, POINT, VERSION, CREATED_DTM, DELETED) values(1071,2,71,2,0,SYSDATE,0);
insert into SYSTEM_FORM_RESPONSE_DETAIL(ID, FORM_RESPONSE_MASTER_ID, FORM_ELEMENT_ID, POINT, VERSION, CREATED_DTM, DELETED) values(1073,2,73,2,0,SYSDATE,0);
insert into SYSTEM_FORM_RESPONSE_DETAIL(ID, FORM_RESPONSE_MASTER_ID, FORM_ELEMENT_ID, POINT, VERSION, CREATED_DTM, DELETED) values(1076,2,76,2,0,SYSDATE,0);
insert into SYSTEM_FORM_RESPONSE_DETAIL(ID, FORM_RESPONSE_MASTER_ID, FORM_ELEMENT_ID, POINT, VERSION, CREATED_DTM, DELETED) values(1081,2,81,5,0,SYSDATE,0);
insert into SYSTEM_FORM_RESPONSE_DETAIL(ID, FORM_RESPONSE_MASTER_ID, FORM_ELEMENT_ID, POINT, VERSION, CREATED_DTM, DELETED) values(1087,2,87,4,0,SYSDATE,0);
insert into SYSTEM_FORM_RESPONSE_DETAIL(ID, FORM_RESPONSE_MASTER_ID, FORM_ELEMENT_ID, POINT, VERSION, CREATED_DTM, DELETED) values(1090,2,90,2,0,SYSDATE,0);
insert into SYSTEM_FORM_RESPONSE_DETAIL(ID, FORM_RESPONSE_MASTER_ID, FORM_ELEMENT_ID, POINT, VERSION, CREATED_DTM, DELETED) values(1093,2,93,5,0,SYSDATE,0);
insert into SYSTEM_FORM_RESPONSE_DETAIL(ID, FORM_RESPONSE_MASTER_ID, FORM_ELEMENT_ID, POINT, VERSION, CREATED_DTM, DELETED) values(1095,2,95,2,0,SYSDATE,0);
insert into SYSTEM_FORM_RESPONSE_DETAIL(ID, FORM_RESPONSE_MASTER_ID, FORM_ELEMENT_ID, POINT, VERSION, CREATED_DTM, DELETED) values(1099,2,99,1,0,SYSDATE,0);
insert into SYSTEM_FORM_RESPONSE_DETAIL(ID, FORM_RESPONSE_MASTER_ID, FORM_ELEMENT_ID, POINT, VERSION, CREATED_DTM, DELETED) values(1102,2,102,2,0,SYSDATE,0);
insert into SYSTEM_FORM_RESPONSE_DETAIL(ID, FORM_RESPONSE_MASTER_ID, FORM_ELEMENT_ID, POINT, VERSION, CREATED_DTM, DELETED) values(1104,2,104,2,0,SYSDATE,0);
insert into SYSTEM_FORM_RESPONSE_DETAIL(ID, FORM_RESPONSE_MASTER_ID, FORM_ELEMENT_ID, POINT, VERSION, CREATED_DTM, DELETED) values(1106,2,106,1,0,SYSDATE,0);
insert into SYSTEM_FORM_RESPONSE_DETAIL(ID, FORM_RESPONSE_MASTER_ID, FORM_ELEMENT_ID, POINT, VERSION, CREATED_DTM, DELETED) values(1108,2,108,1,0,SYSDATE,0);
insert into SYSTEM_FORM_RESPONSE_DETAIL(ID, FORM_RESPONSE_MASTER_ID, FORM_ELEMENT_ID, POINT, VERSION, CREATED_DTM, DELETED) values(1110,2,110,2,0,SYSDATE,0);
insert into SYSTEM_FORM_RESPONSE_DETAIL(ID, FORM_RESPONSE_MASTER_ID, FORM_ELEMENT_ID, POINT, VERSION, CREATED_DTM, DELETED) values(1112,2,112,4,0,SYSDATE,0);
insert into SYSTEM_FORM_RESPONSE_DETAIL(ID, FORM_RESPONSE_MASTER_ID, FORM_ELEMENT_ID, POINT, VERSION, CREATED_DTM, DELETED) values(1116,2,116,2,0,SYSDATE,0);
insert into SYSTEM_FORM_RESPONSE_DETAIL(ID, FORM_RESPONSE_MASTER_ID, FORM_ELEMENT_ID, POINT, VERSION, CREATED_DTM, DELETED) values(1119,2,119,1,0,SYSDATE,0);
insert into SYSTEM_FORM_RESPONSE_DETAIL(ID, FORM_RESPONSE_MASTER_ID, FORM_ELEMENT_ID, POINT, VERSION, CREATED_DTM, DELETED) values(1121,2,121,1,0,SYSDATE,0);
insert into SYSTEM_FORM_RESPONSE_DETAIL(ID, FORM_RESPONSE_MASTER_ID, FORM_ELEMENT_ID, POINT, VERSION, CREATED_DTM, DELETED) values(1123,2,123,2,0,SYSDATE,0);
insert into SYSTEM_FORM_RESPONSE_DETAIL(ID, FORM_RESPONSE_MASTER_ID, FORM_ELEMENT_ID, POINT, VERSION, CREATED_DTM, DELETED) values(1125,2,125,1,0,SYSDATE,0);
insert into SYSTEM_FORM_RESPONSE_DETAIL(ID, FORM_RESPONSE_MASTER_ID, FORM_ELEMENT_ID, POINT, VERSION, CREATED_DTM, DELETED) values(1127,2,127,2,0,SYSDATE,0);
insert into SYSTEM_FORM_RESPONSE_DETAIL(ID, FORM_RESPONSE_MASTER_ID, FORM_ELEMENT_ID, POINT, VERSION, CREATED_DTM, DELETED) values(1131,2,131,1,0,SYSDATE,0);
insert into SYSTEM_FORM_RESPONSE_DETAIL(ID, FORM_RESPONSE_MASTER_ID, FORM_ELEMENT_ID, POINT, VERSION, CREATED_DTM, DELETED) values(1133,2,133,2,0,SYSDATE,0);
insert into SYSTEM_FORM_RESPONSE_DETAIL(ID, FORM_RESPONSE_MASTER_ID, FORM_ELEMENT_ID, POINT, VERSION, CREATED_DTM, DELETED) values(1135,2,135,1,0,SYSDATE,0);
insert into SYSTEM_FORM_RESPONSE_DETAIL(ID, FORM_RESPONSE_MASTER_ID, FORM_ELEMENT_ID, POINT, VERSION, CREATED_DTM, DELETED) values(1139,2,139,2,0,SYSDATE,0);
insert into SYSTEM_FORM_RESPONSE_DETAIL(ID, FORM_RESPONSE_MASTER_ID, FORM_ELEMENT_ID, POINT, VERSION, CREATED_DTM, DELETED) values(1141,2,141,1,0,SYSDATE,0);
insert into SYSTEM_FORM_RESPONSE_DETAIL(ID, FORM_RESPONSE_MASTER_ID, FORM_ELEMENT_ID, POINT, VERSION, CREATED_DTM, DELETED) values(1143,2,143,2,0,SYSDATE,0);
insert into SYSTEM_FORM_RESPONSE_DETAIL(ID, FORM_RESPONSE_MASTER_ID, FORM_ELEMENT_ID, POINT, VERSION, CREATED_DTM, DELETED) values(1145,2,145,2,0,SYSDATE,0);
insert into SYSTEM_FORM_RESPONSE_DETAIL(ID, FORM_RESPONSE_MASTER_ID, FORM_ELEMENT_ID, POINT, VERSION, CREATED_DTM, DELETED) values(1147,2,147,2,0,SYSDATE,0);
insert into SYSTEM_FORM_RESPONSE_DETAIL(ID, FORM_RESPONSE_MASTER_ID, FORM_ELEMENT_ID, POINT, VERSION, CREATED_DTM, DELETED) values(1149,2,149,2,0,SYSDATE,0);
insert into SYSTEM_FORM_RESPONSE_DETAIL(ID, FORM_RESPONSE_MASTER_ID, FORM_ELEMENT_ID, POINT, VERSION, CREATED_DTM, DELETED) values(1151,2,151,2,0,SYSDATE,0);
insert into SYSTEM_FORM_RESPONSE_DETAIL(ID, FORM_RESPONSE_MASTER_ID, FORM_ELEMENT_ID, POINT, VERSION, CREATED_DTM, DELETED) values(1154,2,154,2,0,SYSDATE,0);
insert into SYSTEM_FORM_RESPONSE_DETAIL(ID, FORM_RESPONSE_MASTER_ID, FORM_ELEMENT_ID, POINT, VERSION, CREATED_DTM, DELETED) values(1158,2,158,2,0,SYSDATE,0);
insert into SYSTEM_FORM_RESPONSE_DETAIL(ID, FORM_RESPONSE_MASTER_ID, FORM_ELEMENT_ID, POINT, VERSION, CREATED_DTM, DELETED) values(1160,2,160,2,0,SYSDATE,0);
insert into SYSTEM_FORM_RESPONSE_DETAIL(ID, FORM_RESPONSE_MASTER_ID, FORM_ELEMENT_ID, POINT, VERSION, CREATED_DTM, DELETED) values(1162,2,162,2,0,SYSDATE,0);
insert into SYSTEM_FORM_RESPONSE_DETAIL(ID, FORM_RESPONSE_MASTER_ID, FORM_ELEMENT_ID, POINT, VERSION, CREATED_DTM, DELETED) values(1164,2,164,2,0,SYSDATE,0);
insert into SYSTEM_FORM_RESPONSE_DETAIL(ID, FORM_RESPONSE_MASTER_ID, FORM_ELEMENT_ID, POINT, VERSION, CREATED_DTM, DELETED) values(1167,2,167,2,0,SYSDATE,0);
insert into SYSTEM_FORM_RESPONSE_DETAIL(ID, FORM_RESPONSE_MASTER_ID, FORM_ELEMENT_ID, POINT, VERSION, CREATED_DTM, DELETED) values(1169,2,169,2,0,SYSDATE,0);
insert into SYSTEM_FORM_RESPONSE_DETAIL(ID, FORM_RESPONSE_MASTER_ID, FORM_ELEMENT_ID, POINT, VERSION, CREATED_DTM, DELETED) values(1171,2,171,3,0,SYSDATE,0);
insert into SYSTEM_FORM_RESPONSE_DETAIL(ID, FORM_RESPONSE_MASTER_ID, FORM_ELEMENT_ID, POINT, VERSION, CREATED_DTM, DELETED) values(1173,2,173,5,0,SYSDATE,0);
insert into SYSTEM_FORM_RESPONSE_DETAIL(ID, FORM_RESPONSE_MASTER_ID, FORM_ELEMENT_ID, POINT, VERSION, CREATED_DTM, DELETED) values(1175,2,175,3,0,SYSDATE,0);
insert into SYSTEM_FORM_RESPONSE_DETAIL(ID, FORM_RESPONSE_MASTER_ID, FORM_ELEMENT_ID, POINT, VERSION, CREATED_DTM, DELETED) values(1178,2,178,1,0,SYSDATE,0);
insert into SYSTEM_FORM_RESPONSE_DETAIL(ID, FORM_RESPONSE_MASTER_ID, FORM_ELEMENT_ID, POINT, VERSION, CREATED_DTM, DELETED) values(1181,2,181,2,0,SYSDATE,0);
insert into SYSTEM_FORM_RESPONSE_DETAIL(ID, FORM_RESPONSE_MASTER_ID, FORM_ELEMENT_ID, POINT, VERSION, CREATED_DTM, DELETED) values(1183,2,183,1,0,SYSDATE,0);
insert into SYSTEM_FORM_RESPONSE_DETAIL(ID, FORM_RESPONSE_MASTER_ID, FORM_ELEMENT_ID, POINT, VERSION, CREATED_DTM, DELETED) values(1185,2,185,3,0,SYSDATE,0);
insert into SYSTEM_FORM_RESPONSE_DETAIL(ID, FORM_RESPONSE_MASTER_ID, FORM_ELEMENT_ID, POINT, VERSION, CREATED_DTM, DELETED) values(1188,2,188,2,0,SYSDATE,0);
insert into SYSTEM_FORM_RESPONSE_DETAIL(ID, FORM_RESPONSE_MASTER_ID, FORM_ELEMENT_ID, POINT, VERSION, CREATED_DTM, DELETED) values(1190,2,190,1,0,SYSDATE,0);
insert into SYSTEM_FORM_RESPONSE_DETAIL(ID, FORM_RESPONSE_MASTER_ID, FORM_ELEMENT_ID, POINT, VERSION, CREATED_DTM, DELETED) values(1193,2,193,2,0,SYSDATE,0);
insert into SYSTEM_FORM_RESPONSE_DETAIL(ID, FORM_RESPONSE_MASTER_ID, FORM_ELEMENT_ID, POINT, VERSION, CREATED_DTM, DELETED) values(1195,2,195,3,0,SYSDATE,0);
insert into SYSTEM_FORM_RESPONSE_DETAIL(ID, FORM_RESPONSE_MASTER_ID, FORM_ELEMENT_ID, POINT, VERSION, CREATED_DTM, DELETED) values(1197,2,197,3,0,SYSDATE,0);
insert into SYSTEM_FORM_RESPONSE_DETAIL(ID, FORM_RESPONSE_MASTER_ID, FORM_ELEMENT_ID, POINT, VERSION, CREATED_DTM, DELETED) values(1217,2,217,1,0,SYSDATE,0);
insert into SYSTEM_FORM_RESPONSE_DETAIL(ID, FORM_RESPONSE_MASTER_ID, FORM_ELEMENT_ID, POINT, VERSION, CREATED_DTM, DELETED) values(1219,2,219,1,0,SYSDATE,0);
insert into SYSTEM_FORM_RESPONSE_DETAIL(ID, FORM_RESPONSE_MASTER_ID, FORM_ELEMENT_ID, POINT, VERSION, CREATED_DTM, DELETED) values(1223,2,223,1,0,SYSDATE,0);
insert into SYSTEM_FORM_RESPONSE_DETAIL(ID, FORM_RESPONSE_MASTER_ID, FORM_ELEMENT_ID, POINT, VERSION, CREATED_DTM, DELETED) values(1226,2,226,3,0,SYSDATE,0);
insert into SYSTEM_FORM_RESPONSE_DETAIL(ID, FORM_RESPONSE_MASTER_ID, FORM_ELEMENT_ID, POINT, VERSION, CREATED_DTM, DELETED) values(1228,2,228,5,0,SYSDATE,0);
insert into SYSTEM_FORM_RESPONSE_DETAIL(ID, FORM_RESPONSE_MASTER_ID, FORM_ELEMENT_ID, POINT, VERSION, CREATED_DTM, DELETED) values(1230,2,230,1,0,SYSDATE,0);
insert into SYSTEM_FORM_RESPONSE_DETAIL(ID, FORM_RESPONSE_MASTER_ID, FORM_ELEMENT_ID, POINT, VERSION, CREATED_DTM, DELETED) values(1232,2,232,1,0,SYSDATE,0);
insert into SYSTEM_FORM_RESPONSE_DETAIL(ID, FORM_RESPONSE_MASTER_ID, FORM_ELEMENT_ID, POINT, VERSION, CREATED_DTM, DELETED) values(1234,2,234,1,0,SYSDATE,0);
insert into SYSTEM_FORM_RESPONSE_DETAIL(ID, FORM_RESPONSE_MASTER_ID, FORM_ELEMENT_ID, POINT, VERSION, CREATED_DTM, DELETED) values(1236,2,236,3,0,SYSDATE,0);
insert into SYSTEM_FORM_RESPONSE_DETAIL(ID, FORM_RESPONSE_MASTER_ID, FORM_ELEMENT_ID, POINT, VERSION, CREATED_DTM, DELETED) values(1238,2,238,2,0,SYSDATE,0);
insert into SYSTEM_FORM_RESPONSE_DETAIL(ID, FORM_RESPONSE_MASTER_ID, FORM_ELEMENT_ID, POINT, VERSION, CREATED_DTM, DELETED) values(1240,2,240,2,0,SYSDATE,0);
insert into SYSTEM_FORM_RESPONSE_DETAIL(ID, FORM_RESPONSE_MASTER_ID, FORM_ELEMENT_ID, POINT, VERSION, CREATED_DTM, DELETED) values(1242,2,242,5,0,SYSDATE,0);
insert into SYSTEM_FORM_RESPONSE_DETAIL(ID, FORM_RESPONSE_MASTER_ID, FORM_ELEMENT_ID, POINT, VERSION, CREATED_DTM, DELETED) values(1246,2,246,1,0,SYSDATE,0);
insert into SYSTEM_FORM_RESPONSE_DETAIL(ID, FORM_RESPONSE_MASTER_ID, FORM_ELEMENT_ID, POINT, VERSION, CREATED_DTM, DELETED) values(1252,2,252,1,0,SYSDATE,0);
insert into SYSTEM_FORM_RESPONSE_DETAIL(ID, FORM_RESPONSE_MASTER_ID, FORM_ELEMENT_ID, POINT, VERSION, CREATED_DTM, DELETED) values(1262,2,262,1,0,SYSDATE,0);
insert into SYSTEM_FORM_RESPONSE_DETAIL(ID, FORM_RESPONSE_MASTER_ID, FORM_ELEMENT_ID, POINT, VERSION, CREATED_DTM, DELETED) values(1265,2,265,5,0,SYSDATE,0);
insert into SYSTEM_FORM_RESPONSE_DETAIL(ID, FORM_RESPONSE_MASTER_ID, FORM_ELEMENT_ID, POINT, VERSION, CREATED_DTM, DELETED) values(1271,2,271,10,0,SYSDATE,0);
insert into SYSTEM_FORM_RESPONSE_DETAIL(ID, FORM_RESPONSE_MASTER_ID, FORM_ELEMENT_ID, POINT, VERSION, CREATED_DTM, DELETED) values(1277,2,277,5,0,SYSDATE,0);
insert into SYSTEM_FORM_RESPONSE_DETAIL(ID, FORM_RESPONSE_MASTER_ID, FORM_ELEMENT_ID, POINT, VERSION, CREATED_DTM, DELETED) values(1280,2,280,5,0,SYSDATE,0);
insert into SYSTEM_FORM_RESPONSE_DETAIL(ID, FORM_RESPONSE_MASTER_ID, FORM_ELEMENT_ID, POINT, VERSION, CREATED_DTM, DELETED) values(1285,2,285,3,0,SYSDATE,0);
insert into SYSTEM_FORM_RESPONSE_DETAIL(ID, FORM_RESPONSE_MASTER_ID, FORM_ELEMENT_ID, POINT, VERSION, CREATED_DTM, DELETED) values(1290,2,290,3,0,SYSDATE,0);
insert into SYSTEM_FORM_RESPONSE_DETAIL(ID, FORM_RESPONSE_MASTER_ID, FORM_ELEMENT_ID, POINT, VERSION, CREATED_DTM, DELETED) values(1294,2,294,2,0,SYSDATE,0);
insert into SYSTEM_FORM_RESPONSE_DETAIL(ID, FORM_RESPONSE_MASTER_ID, FORM_ELEMENT_ID, POINT, VERSION, CREATED_DTM, DELETED) values(1297,2,297,2,0,SYSDATE,0);
insert into SYSTEM_FORM_RESPONSE_DETAIL(ID, FORM_RESPONSE_MASTER_ID, FORM_ELEMENT_ID, POINT, VERSION, CREATED_DTM, DELETED) values(1300,2,300,1,0,SYSDATE,0);
insert into SYSTEM_FORM_RESPONSE_DETAIL(ID, FORM_RESPONSE_MASTER_ID, FORM_ELEMENT_ID, POINT, VERSION, CREATED_DTM, DELETED) values(1302,2,302,3,0,SYSDATE,0);
insert into SYSTEM_FORM_RESPONSE_DETAIL(ID, FORM_RESPONSE_MASTER_ID, FORM_ELEMENT_ID, POINT, VERSION, CREATED_DTM, DELETED) values(1305,2,305,2,0,SYSDATE,0);
insert into SYSTEM_FORM_RESPONSE_DETAIL(ID, FORM_RESPONSE_MASTER_ID, FORM_ELEMENT_ID, POINT, VERSION, CREATED_DTM, DELETED) values(1307,2,307,1,0,SYSDATE,0);
insert into SYSTEM_FORM_RESPONSE_DETAIL(ID, FORM_RESPONSE_MASTER_ID, FORM_ELEMENT_ID, POINT, VERSION, CREATED_DTM, DELETED) values(1309,2,309,2,0,SYSDATE,0);
insert into SYSTEM_FORM_RESPONSE_DETAIL(ID, FORM_RESPONSE_MASTER_ID, FORM_ELEMENT_ID, POINT, VERSION, CREATED_DTM, DELETED) values(1312,2,312,2,0,SYSDATE,0);
insert into SYSTEM_FORM_RESPONSE_DETAIL(ID, FORM_RESPONSE_MASTER_ID, FORM_ELEMENT_ID, POINT, VERSION, CREATED_DTM, DELETED) values(1315,2,315,2,0,SYSDATE,0);
insert into SYSTEM_FORM_RESPONSE_DETAIL(ID, FORM_RESPONSE_MASTER_ID, FORM_ELEMENT_ID, POINT, VERSION, CREATED_DTM, DELETED) values(1317,2,317,2,0,SYSDATE,0);
insert into SYSTEM_FORM_RESPONSE_DETAIL(ID, FORM_RESPONSE_MASTER_ID, FORM_ELEMENT_ID, POINT, VERSION, CREATED_DTM, DELETED) values(1319,2,319,2,0,SYSDATE,0);
insert into SYSTEM_FORM_RESPONSE_DETAIL(ID, FORM_RESPONSE_MASTER_ID, FORM_ELEMENT_ID, POINT, VERSION, CREATED_DTM, DELETED) values(1321,2,321,2,0,SYSDATE,0);
insert into SYSTEM_FORM_RESPONSE_DETAIL(ID, FORM_RESPONSE_MASTER_ID, FORM_ELEMENT_ID, POINT, VERSION, CREATED_DTM, DELETED) values(1324,2,324,1,0,SYSDATE,0);
insert into SYSTEM_FORM_RESPONSE_DETAIL(ID, FORM_RESPONSE_MASTER_ID, FORM_ELEMENT_ID, POINT, VERSION, CREATED_DTM, DELETED) values(1326,2,326,2,0,SYSDATE,0);
insert into SYSTEM_FORM_RESPONSE_DETAIL(ID, FORM_RESPONSE_MASTER_ID, FORM_ELEMENT_ID, POINT, VERSION, CREATED_DTM, DELETED) values(1328,2,328,2,0,SYSDATE,0);
insert into SYSTEM_FORM_RESPONSE_DETAIL(ID, FORM_RESPONSE_MASTER_ID, FORM_ELEMENT_ID, POINT, VERSION, CREATED_DTM, DELETED) values(1331,2,331,1,0,SYSDATE,0);
insert into SYSTEM_FORM_RESPONSE_DETAIL(ID, FORM_RESPONSE_MASTER_ID, FORM_ELEMENT_ID, POINT, VERSION, CREATED_DTM, DELETED) values(1333,2,333,1,0,SYSDATE,0);
insert into SYSTEM_FORM_RESPONSE_DETAIL(ID, FORM_RESPONSE_MASTER_ID, FORM_ELEMENT_ID, POINT, VERSION, CREATED_DTM, DELETED) values(1336,2,336,2,0,SYSDATE,0);
insert into SYSTEM_FORM_RESPONSE_DETAIL(ID, FORM_RESPONSE_MASTER_ID, FORM_ELEMENT_ID, POINT, VERSION, CREATED_DTM, DELETED) values(1339,2,339,1,0,SYSDATE,0);
insert into SYSTEM_FORM_RESPONSE_DETAIL(ID, FORM_RESPONSE_MASTER_ID, FORM_ELEMENT_ID, POINT, VERSION, CREATED_DTM, DELETED) values(1341,2,341,1,0,SYSDATE,0);
insert into SYSTEM_FORM_RESPONSE_DETAIL(ID, FORM_RESPONSE_MASTER_ID, FORM_ELEMENT_ID, POINT, VERSION, CREATED_DTM, DELETED) values(1343,2,343,2,0,SYSDATE,0);
insert into SYSTEM_FORM_RESPONSE_DETAIL(ID, FORM_RESPONSE_MASTER_ID, FORM_ELEMENT_ID, POINT, VERSION, CREATED_DTM, DELETED) values(1346,2,346,2,0,SYSDATE,0);
insert into SYSTEM_FORM_RESPONSE_DETAIL(ID, FORM_RESPONSE_MASTER_ID, FORM_ELEMENT_ID, POINT, VERSION, CREATED_DTM, DELETED) values(1348,2,348,5,0,SYSDATE,0);
insert into SYSTEM_FORM_RESPONSE_DETAIL(ID, FORM_RESPONSE_MASTER_ID, FORM_ELEMENT_ID, POINT, VERSION, CREATED_DTM, DELETED) values(1357,2,357,2,0,SYSDATE,0);
insert into SYSTEM_FORM_RESPONSE_DETAIL(ID, FORM_RESPONSE_MASTER_ID, FORM_ELEMENT_ID, POINT, VERSION, CREATED_DTM, DELETED) values(1359,2,359,2,0,SYSDATE,0);
insert into SYSTEM_FORM_RESPONSE_DETAIL(ID, FORM_RESPONSE_MASTER_ID, FORM_ELEMENT_ID, POINT, VERSION, CREATED_DTM, DELETED) values(1363,2,363,2,0,SYSDATE,0);
insert into SYSTEM_FORM_RESPONSE_DETAIL(ID, FORM_RESPONSE_MASTER_ID, FORM_ELEMENT_ID, POINT, VERSION, CREATED_DTM, DELETED) values(1365,2,365,1,0,SYSDATE,0);
insert into SYSTEM_FORM_RESPONSE_DETAIL(ID, FORM_RESPONSE_MASTER_ID, FORM_ELEMENT_ID, POINT, VERSION, CREATED_DTM, DELETED) values(1367,2,367,2,0,SYSDATE,0);
insert into SYSTEM_FORM_RESPONSE_DETAIL(ID, FORM_RESPONSE_MASTER_ID, FORM_ELEMENT_ID, POINT, VERSION, CREATED_DTM, DELETED) values(1369,2,369,2,0,SYSDATE,0);
insert into SYSTEM_FORM_RESPONSE_DETAIL(ID, FORM_RESPONSE_MASTER_ID, FORM_ELEMENT_ID, POINT, VERSION, CREATED_DTM, DELETED) values(1372,2,372,1,0,SYSDATE,0);
insert into SYSTEM_FORM_RESPONSE_DETAIL(ID, FORM_RESPONSE_MASTER_ID, FORM_ELEMENT_ID, POINT, VERSION, CREATED_DTM, DELETED) values(1374,2,374,2,0,SYSDATE,0);
insert into SYSTEM_FORM_RESPONSE_DETAIL(ID, FORM_RESPONSE_MASTER_ID, FORM_ELEMENT_ID, POINT, VERSION, CREATED_DTM, DELETED) values(1377,2,377,3,0,SYSDATE,0);
insert into SYSTEM_FORM_RESPONSE_DETAIL(ID, FORM_RESPONSE_MASTER_ID, FORM_ELEMENT_ID, POINT, VERSION, CREATED_DTM, DELETED) values(1381,2,381,2,0,SYSDATE,0);
insert into SYSTEM_FORM_RESPONSE_DETAIL(ID, FORM_RESPONSE_MASTER_ID, FORM_ELEMENT_ID, POINT, VERSION, CREATED_DTM, DELETED) values(1383,2,383,2,0,SYSDATE,0);
insert into SYSTEM_FORM_RESPONSE_DETAIL(ID, FORM_RESPONSE_MASTER_ID, FORM_ELEMENT_ID, POINT, VERSION, CREATED_DTM, DELETED) values(1387,2,387,3,0,SYSDATE,0);
insert into SYSTEM_FORM_RESPONSE_DETAIL(ID, FORM_RESPONSE_MASTER_ID, FORM_ELEMENT_ID, POINT, VERSION, CREATED_DTM, DELETED) values(1390,2,390,2,0,SYSDATE,0);
insert into SYSTEM_FORM_RESPONSE_DETAIL(ID, FORM_RESPONSE_MASTER_ID, FORM_ELEMENT_ID, POINT, VERSION, CREATED_DTM, DELETED) values(1392,2,392,2,0,SYSDATE,0);
insert into SYSTEM_FORM_RESPONSE_DETAIL(ID, FORM_RESPONSE_MASTER_ID, FORM_ELEMENT_ID, POINT, VERSION, CREATED_DTM, DELETED) values(1394,2,394,2,0,SYSDATE,0);
insert into SYSTEM_FORM_RESPONSE_DETAIL(ID, FORM_RESPONSE_MASTER_ID, FORM_ELEMENT_ID, POINT, VERSION, CREATED_DTM, DELETED) values(1396,2,396,1,0,SYSDATE,0);
insert into SYSTEM_FORM_RESPONSE_DETAIL(ID, FORM_RESPONSE_MASTER_ID, FORM_ELEMENT_ID, POINT, VERSION, CREATED_DTM, DELETED) values(1398,2,398,1,0,SYSDATE,0);
insert into SYSTEM_FORM_RESPONSE_DETAIL(ID, FORM_RESPONSE_MASTER_ID, FORM_ELEMENT_ID, POINT, VERSION, CREATED_DTM, DELETED) values(1400,2,400,2,0,SYSDATE,0);
insert into SYSTEM_FORM_RESPONSE_DETAIL(ID, FORM_RESPONSE_MASTER_ID, FORM_ELEMENT_ID, POINT, VERSION, CREATED_DTM, DELETED) values(1403,2,403,1,0,SYSDATE,0);
insert into SYSTEM_FORM_RESPONSE_DETAIL(ID, FORM_RESPONSE_MASTER_ID, FORM_ELEMENT_ID, POINT, VERSION, CREATED_DTM, DELETED) values(1406,2,406,2,0,SYSDATE,0);
insert into SYSTEM_FORM_RESPONSE_DETAIL(ID, FORM_RESPONSE_MASTER_ID, FORM_ELEMENT_ID, POINT, VERSION, CREATED_DTM, DELETED) values(1408,2,408,2,0,SYSDATE,0);
insert into SYSTEM_FORM_RESPONSE_DETAIL(ID, FORM_RESPONSE_MASTER_ID, FORM_ELEMENT_ID, POINT, VERSION, CREATED_DTM, DELETED) values(1410,2,410,2,0,SYSDATE,0);
insert into SYSTEM_FORM_RESPONSE_DETAIL(ID, FORM_RESPONSE_MASTER_ID, FORM_ELEMENT_ID, POINT, VERSION, CREATED_DTM, DELETED) values(1412,2,412,1,0,SYSDATE,0);
insert into SYSTEM_FORM_RESPONSE_DETAIL(ID, FORM_RESPONSE_MASTER_ID, FORM_ELEMENT_ID, POINT, VERSION, CREATED_DTM, DELETED) values(1414,2,414,2,0,SYSDATE,0);
insert into SYSTEM_FORM_RESPONSE_DETAIL(ID, FORM_RESPONSE_MASTER_ID, FORM_ELEMENT_ID, POINT, VERSION, CREATED_DTM, DELETED) values(1416,2,416,2,0,SYSDATE,0);
insert into SYSTEM_FORM_RESPONSE_DETAIL(ID, FORM_RESPONSE_MASTER_ID, FORM_ELEMENT_ID, POINT, VERSION, CREATED_DTM, DELETED) values(1419,2,419,2,0,SYSDATE,0);
insert into SYSTEM_FORM_RESPONSE_DETAIL(ID, FORM_RESPONSE_MASTER_ID, FORM_ELEMENT_ID, POINT, VERSION, CREATED_DTM, DELETED) values(1421,2,421,2,0,SYSDATE,0);
insert into SYSTEM_FORM_RESPONSE_DETAIL(ID, FORM_RESPONSE_MASTER_ID, FORM_ELEMENT_ID, POINT, VERSION, CREATED_DTM, DELETED) values(1423,2,423,3,0,SYSDATE,0);
insert into SYSTEM_FORM_RESPONSE_DETAIL(ID, FORM_RESPONSE_MASTER_ID, FORM_ELEMENT_ID, POINT, VERSION, CREATED_DTM, DELETED) values(1425,2,425,2,0,SYSDATE,0);
insert into SYSTEM_FORM_RESPONSE_DETAIL(ID, FORM_RESPONSE_MASTER_ID, FORM_ELEMENT_ID, POINT, VERSION, CREATED_DTM, DELETED) values(1428,2,428,3,0,SYSDATE,0);
insert into SYSTEM_FORM_RESPONSE_DETAIL(ID, FORM_RESPONSE_MASTER_ID, FORM_ELEMENT_ID, POINT, VERSION, CREATED_DTM, DELETED) values(1433,2,433,2,0,SYSDATE,0);
insert into SYSTEM_FORM_RESPONSE_DETAIL(ID, FORM_RESPONSE_MASTER_ID, FORM_ELEMENT_ID, POINT, VERSION, CREATED_DTM, DELETED) values(1436,2,436,1,0,SYSDATE,0);
insert into SYSTEM_FORM_RESPONSE_DETAIL(ID, FORM_RESPONSE_MASTER_ID, FORM_ELEMENT_ID, POINT, VERSION, CREATED_DTM, DELETED) values(1438,2,438,1,0,SYSDATE,0);
insert into SYSTEM_FORM_RESPONSE_DETAIL(ID, FORM_RESPONSE_MASTER_ID, FORM_ELEMENT_ID, POINT, VERSION, CREATED_DTM, DELETED) values(1440,2,440,2,0,SYSDATE,0);
insert into SYSTEM_FORM_RESPONSE_DETAIL(ID, FORM_RESPONSE_MASTER_ID, FORM_ELEMENT_ID, POINT, VERSION, CREATED_DTM, DELETED) values(1443,2,443,2,0,SYSDATE,0);
insert into SYSTEM_FORM_RESPONSE_DETAIL(ID, FORM_RESPONSE_MASTER_ID, FORM_ELEMENT_ID, POINT, VERSION, CREATED_DTM, DELETED) values(1446,2,446,1,0,SYSDATE,0);
insert into SYSTEM_FORM_RESPONSE_DETAIL(ID, FORM_RESPONSE_MASTER_ID, FORM_ELEMENT_ID, POINT, VERSION, CREATED_DTM, DELETED) values(1448,2,448,1,0,SYSDATE,0);
insert into SYSTEM_FORM_RESPONSE_DETAIL(ID, FORM_RESPONSE_MASTER_ID, FORM_ELEMENT_ID, POINT, VERSION, CREATED_DTM, DELETED) values(1450,2,450,1,0,SYSDATE,0);
insert into SYSTEM_FORM_RESPONSE_DETAIL(ID, FORM_RESPONSE_MASTER_ID, FORM_ELEMENT_ID, POINT, VERSION, CREATED_DTM, DELETED) values(1453,2,453,1,0,SYSDATE,0);
insert into SYSTEM_FORM_RESPONSE_DETAIL(ID, FORM_RESPONSE_MASTER_ID, FORM_ELEMENT_ID, POINT, VERSION, CREATED_DTM, DELETED) values(1456,2,456,2,0,SYSDATE,0);
insert into SYSTEM_FORM_RESPONSE_DETAIL(ID, FORM_RESPONSE_MASTER_ID, FORM_ELEMENT_ID, POINT, VERSION, CREATED_DTM, DELETED) values(1458,2,458,1,0,SYSDATE,0);
insert into SYSTEM_FORM_RESPONSE_DETAIL(ID, FORM_RESPONSE_MASTER_ID, FORM_ELEMENT_ID, POINT, VERSION, CREATED_DTM, DELETED) values(1461,2,461,1,0,SYSDATE,0);
insert into SYSTEM_FORM_RESPONSE_DETAIL(ID, FORM_RESPONSE_MASTER_ID, FORM_ELEMENT_ID, POINT, VERSION, CREATED_DTM, DELETED) values(1464,2,464,1,0,SYSDATE,0);
insert into SYSTEM_FORM_RESPONSE_DETAIL(ID, FORM_RESPONSE_MASTER_ID, FORM_ELEMENT_ID, POINT, VERSION, CREATED_DTM, DELETED) values(1466,2,466,2,0,SYSDATE,0);
insert into SYSTEM_FORM_RESPONSE_DETAIL(ID, FORM_RESPONSE_MASTER_ID, FORM_ELEMENT_ID, POINT, VERSION, CREATED_DTM, DELETED) values(1468,2,468,2,0,SYSDATE,0);
insert into SYSTEM_FORM_RESPONSE_DETAIL(ID, FORM_RESPONSE_MASTER_ID, FORM_ELEMENT_ID, POINT, VERSION, CREATED_DTM, DELETED) values(1470,2,470,2,0,SYSDATE,0);
insert into SYSTEM_FORM_RESPONSE_DETAIL(ID, FORM_RESPONSE_MASTER_ID, FORM_ELEMENT_ID, POINT, VERSION, CREATED_DTM, DELETED) values(1474,2,474,2,0,SYSDATE,0);
insert into SYSTEM_FORM_RESPONSE_DETAIL(ID, FORM_RESPONSE_MASTER_ID, FORM_ELEMENT_ID, POINT, VERSION, CREATED_DTM, DELETED) values(1477,2,477,2,0,SYSDATE,0);
insert into SYSTEM_FORM_RESPONSE_DETAIL(ID, FORM_RESPONSE_MASTER_ID, FORM_ELEMENT_ID, POINT, VERSION, CREATED_DTM, DELETED) values(1480,2,480,1,0,SYSDATE,0);
insert into SYSTEM_FORM_RESPONSE_DETAIL(ID, FORM_RESPONSE_MASTER_ID, FORM_ELEMENT_ID, POINT, VERSION, CREATED_DTM, DELETED) values(1482,2,482,1,0,SYSDATE,0);
insert into SYSTEM_FORM_RESPONSE_DETAIL(ID, FORM_RESPONSE_MASTER_ID, FORM_ELEMENT_ID, POINT, VERSION, CREATED_DTM, DELETED) values(1484,2,484,2,0,SYSDATE,0);
insert into SYSTEM_FORM_RESPONSE_DETAIL(ID, FORM_RESPONSE_MASTER_ID, FORM_ELEMENT_ID, POINT, VERSION, CREATED_DTM, DELETED) values(1486,2,486,2,0,SYSDATE,0);
insert into SYSTEM_FORM_RESPONSE_DETAIL(ID, FORM_RESPONSE_MASTER_ID, FORM_ELEMENT_ID, POINT, VERSION, CREATED_DTM, DELETED) values(1488,2,488,2,0,SYSDATE,0);
insert into SYSTEM_FORM_RESPONSE_DETAIL(ID, FORM_RESPONSE_MASTER_ID, FORM_ELEMENT_ID, POINT, VERSION, CREATED_DTM, DELETED) values(1492,2,492,2,0,SYSDATE,0);
insert into SYSTEM_FORM_RESPONSE_DETAIL(ID, FORM_RESPONSE_MASTER_ID, FORM_ELEMENT_ID, POINT, VERSION, CREATED_DTM, DELETED) values(1494,2,494,2,0,SYSDATE,0);
insert into SYSTEM_FORM_RESPONSE_DETAIL(ID, FORM_RESPONSE_MASTER_ID, FORM_ELEMENT_ID, POINT, VERSION, CREATED_DTM, DELETED) values(1498,2,498,2,0,SYSDATE,0);
insert into SYSTEM_FORM_RESPONSE_DETAIL(ID, FORM_RESPONSE_MASTER_ID, FORM_ELEMENT_ID, POINT, VERSION, CREATED_DTM, DELETED) values(1500,2,500,1,0,SYSDATE,0);
insert into SYSTEM_FORM_RESPONSE_DETAIL(ID, FORM_RESPONSE_MASTER_ID, FORM_ELEMENT_ID, POINT, VERSION, CREATED_DTM, DELETED) values(1502,2,502,3,0,SYSDATE,0);
insert into SYSTEM_FORM_RESPONSE_DETAIL(ID, FORM_RESPONSE_MASTER_ID, FORM_ELEMENT_ID, POINT, VERSION, CREATED_DTM, DELETED) values(1507,2,507,2,0,SYSDATE,0);
insert into SYSTEM_FORM_RESPONSE_DETAIL(ID, FORM_RESPONSE_MASTER_ID, FORM_ELEMENT_ID, POINT, VERSION, CREATED_DTM, DELETED) values(1509,2,509,2,0,SYSDATE,0);
insert into SYSTEM_FORM_RESPONSE_DETAIL(ID, FORM_RESPONSE_MASTER_ID, FORM_ELEMENT_ID, POINT, VERSION, CREATED_DTM, DELETED) values(1513,2,513,5,0,SYSDATE,0);
insert into SYSTEM_FORM_RESPONSE_DETAIL(ID, FORM_RESPONSE_MASTER_ID, FORM_ELEMENT_ID, POINT, VERSION, CREATED_DTM, DELETED) values(1519,2,519,2,0,SYSDATE,0);
insert into SYSTEM_FORM_RESPONSE_DETAIL(ID, FORM_RESPONSE_MASTER_ID, FORM_ELEMENT_ID, POINT, VERSION, CREATED_DTM, DELETED) values(1522,2,522,1,0,SYSDATE,0);
insert into SYSTEM_FORM_RESPONSE_DETAIL(ID, FORM_RESPONSE_MASTER_ID, FORM_ELEMENT_ID, POINT, VERSION, CREATED_DTM, DELETED) values(1526,2,526,1,0,SYSDATE,0);
insert into SYSTEM_FORM_RESPONSE_DETAIL(ID, FORM_RESPONSE_MASTER_ID, FORM_ELEMENT_ID, POINT, VERSION, CREATED_DTM, DELETED) values(1529,2,529,2,0,SYSDATE,0);
insert into SYSTEM_FORM_RESPONSE_DETAIL(ID, FORM_RESPONSE_MASTER_ID, FORM_ELEMENT_ID, POINT, VERSION, CREATED_DTM, DELETED) values(1531,2,531,1,0,SYSDATE,0);
insert into SYSTEM_FORM_RESPONSE_DETAIL(ID, FORM_RESPONSE_MASTER_ID, FORM_ELEMENT_ID, POINT, VERSION, CREATED_DTM, DELETED) values(1533,2,533,1,0,SYSDATE,0);
insert into SYSTEM_FORM_RESPONSE_DETAIL(ID, FORM_RESPONSE_MASTER_ID, FORM_ELEMENT_ID, POINT, VERSION, CREATED_DTM, DELETED) values(1535,2,535,1,0,SYSDATE,0);
insert into SYSTEM_FORM_RESPONSE_DETAIL(ID, FORM_RESPONSE_MASTER_ID, FORM_ELEMENT_ID, POINT, VERSION, CREATED_DTM, DELETED) values(1537,2,537,2,0,SYSDATE,0);
insert into SYSTEM_FORM_RESPONSE_DETAIL(ID, FORM_RESPONSE_MASTER_ID, FORM_ELEMENT_ID, POINT, VERSION, CREATED_DTM, DELETED) values(1539,2,539,2,0,SYSDATE,0);
insert into SYSTEM_FORM_RESPONSE_DETAIL(ID, FORM_RESPONSE_MASTER_ID, FORM_ELEMENT_ID, POINT, VERSION, CREATED_DTM, DELETED) values(1542,2,542,2,0,SYSDATE,0);
insert into SYSTEM_FORM_RESPONSE_DETAIL(ID, FORM_RESPONSE_MASTER_ID, FORM_ELEMENT_ID, POINT, VERSION, CREATED_DTM, DELETED) values(1545,2,545,2,0,SYSDATE,0);
insert into SYSTEM_FORM_RESPONSE_DETAIL(ID, FORM_RESPONSE_MASTER_ID, FORM_ELEMENT_ID, POINT, VERSION, CREATED_DTM, DELETED) values(1548,2,548,1,0,SYSDATE,0);
insert into SYSTEM_FORM_RESPONSE_DETAIL(ID, FORM_RESPONSE_MASTER_ID, FORM_ELEMENT_ID, POINT, VERSION, CREATED_DTM, DELETED) values(1552,2,552,1,0,SYSDATE,0);
insert into SYSTEM_FORM_RESPONSE_DETAIL(ID, FORM_RESPONSE_MASTER_ID, FORM_ELEMENT_ID, POINT, VERSION, CREATED_DTM, DELETED) values(1555,2,555,2,0,SYSDATE,0);
insert into SYSTEM_FORM_RESPONSE_DETAIL(ID, FORM_RESPONSE_MASTER_ID, FORM_ELEMENT_ID, POINT, VERSION, CREATED_DTM, DELETED) values(1557,2,557,5,0,SYSDATE,0);
insert into SYSTEM_FORM_RESPONSE_DETAIL(ID, FORM_RESPONSE_MASTER_ID, FORM_ELEMENT_ID, POINT, VERSION, CREATED_DTM, DELETED) values(1562,2,562,4,0,SYSDATE,0);
insert into SYSTEM_FORM_RESPONSE_DETAIL(ID, FORM_RESPONSE_MASTER_ID, FORM_ELEMENT_ID, POINT, VERSION, CREATED_DTM, DELETED) values(1566,2,566,2,0,SYSDATE,0);
insert into SYSTEM_FORM_RESPONSE_DETAIL(ID, FORM_RESPONSE_MASTER_ID, FORM_ELEMENT_ID, POINT, VERSION, CREATED_DTM, DELETED) values(1568,2,568,1,0,SYSDATE,0);
insert into SYSTEM_FORM_RESPONSE_DETAIL(ID, FORM_RESPONSE_MASTER_ID, FORM_ELEMENT_ID, POINT, VERSION, CREATED_DTM, DELETED) values(1570,2,570,2,0,SYSDATE,0);
insert into SYSTEM_FORM_RESPONSE_DETAIL(ID, FORM_RESPONSE_MASTER_ID, FORM_ELEMENT_ID, POINT, VERSION, CREATED_DTM, DELETED) values(1572,2,572,1,0,SYSDATE,0);
insert into SYSTEM_FORM_RESPONSE_DETAIL(ID, FORM_RESPONSE_MASTER_ID, FORM_ELEMENT_ID, POINT, VERSION, CREATED_DTM, DELETED) values(1575,2,575,1,0,SYSDATE,0);
insert into SYSTEM_FORM_RESPONSE_DETAIL(ID, FORM_RESPONSE_MASTER_ID, FORM_ELEMENT_ID, POINT, VERSION, CREATED_DTM, DELETED) values(1577,2,577,2,0,SYSDATE,0);
insert into SYSTEM_FORM_RESPONSE_DETAIL(ID, FORM_RESPONSE_MASTER_ID, FORM_ELEMENT_ID, POINT, VERSION, CREATED_DTM, DELETED) values(1579,2,579,1,0,SYSDATE,0);
insert into SYSTEM_FORM_RESPONSE_DETAIL(ID, FORM_RESPONSE_MASTER_ID, FORM_ELEMENT_ID, POINT, VERSION, CREATED_DTM, DELETED) values(1582,2,582,1,0,SYSDATE,0);
insert into SYSTEM_FORM_RESPONSE_DETAIL(ID, FORM_RESPONSE_MASTER_ID, FORM_ELEMENT_ID, POINT, VERSION, CREATED_DTM, DELETED) values(1585,2,585,2,0,SYSDATE,0);
insert into SYSTEM_FORM_RESPONSE_DETAIL(ID, FORM_RESPONSE_MASTER_ID, FORM_ELEMENT_ID, POINT, VERSION, CREATED_DTM, DELETED) values(1588,2,588,2,0,SYSDATE,0);
insert into SYSTEM_FORM_RESPONSE_DETAIL(ID, FORM_RESPONSE_MASTER_ID, FORM_ELEMENT_ID, POINT, VERSION, CREATED_DTM, DELETED) values(1590,2,590,2,0,SYSDATE,0);
insert into SYSTEM_FORM_RESPONSE_DETAIL(ID, FORM_RESPONSE_MASTER_ID, FORM_ELEMENT_ID, POINT, VERSION, CREATED_DTM, DELETED) values(1595,2,595,2,0,SYSDATE,0);
insert into SYSTEM_FORM_RESPONSE_DETAIL(ID, FORM_RESPONSE_MASTER_ID, FORM_ELEMENT_ID, POINT, VERSION, CREATED_DTM, DELETED) values(1601,2,601,3,0,SYSDATE,0);
insert into SYSTEM_FORM_RESPONSE_DETAIL(ID, FORM_RESPONSE_MASTER_ID, FORM_ELEMENT_ID, POINT, VERSION, CREATED_DTM, DELETED) values(1604,2,604,3,0,SYSDATE,0);
insert into SYSTEM_FORM_RESPONSE_DETAIL(ID, FORM_RESPONSE_MASTER_ID, FORM_ELEMENT_ID, POINT, VERSION, CREATED_DTM, DELETED) values(1606,2,606,1,0,SYSDATE,0);
insert into SYSTEM_FORM_RESPONSE_DETAIL(ID, FORM_RESPONSE_MASTER_ID, FORM_ELEMENT_ID, POINT, VERSION, CREATED_DTM, DELETED) values(1608,2,608,2,0,SYSDATE,0);
insert into SYSTEM_FORM_RESPONSE_DETAIL(ID, FORM_RESPONSE_MASTER_ID, FORM_ELEMENT_ID, POINT, VERSION, CREATED_DTM, DELETED) values(1617,2,617,2,0,SYSDATE,0);
insert into SYSTEM_FORM_RESPONSE_DETAIL(ID, FORM_RESPONSE_MASTER_ID, FORM_ELEMENT_ID, POINT, VERSION, CREATED_DTM, DELETED) values(1621,2,621,2,0,SYSDATE,0);
insert into SYSTEM_FORM_RESPONSE_DETAIL(ID, FORM_RESPONSE_MASTER_ID, FORM_ELEMENT_ID, POINT, VERSION, CREATED_DTM, DELETED) values(1623,2,623,8,0,SYSDATE,0);
insert into SYSTEM_FORM_RESPONSE_DETAIL(ID, FORM_RESPONSE_MASTER_ID, FORM_ELEMENT_ID, POINT, VERSION, CREATED_DTM, DELETED) values(1626,2,626,2,0,SYSDATE,0);
insert into SYSTEM_FORM_RESPONSE_DETAIL(ID, FORM_RESPONSE_MASTER_ID, FORM_ELEMENT_ID, POINT, VERSION, CREATED_DTM, DELETED) values(1631,2,631,2,0,SYSDATE,0);
insert into SYSTEM_FORM_RESPONSE_DETAIL(ID, FORM_RESPONSE_MASTER_ID, FORM_ELEMENT_ID, POINT, VERSION, CREATED_DTM, DELETED) values(1634,2,634,3,0,SYSDATE,0);
insert into SYSTEM_FORM_RESPONSE_DETAIL(ID, FORM_RESPONSE_MASTER_ID, FORM_ELEMENT_ID, POINT, VERSION, CREATED_DTM, DELETED) values(1636,2,636,2,0,SYSDATE,0);
insert into SYSTEM_FORM_RESPONSE_DETAIL(ID, FORM_RESPONSE_MASTER_ID, FORM_ELEMENT_ID, POINT, VERSION, CREATED_DTM, DELETED) values(1638,2,638,2,0,SYSDATE,0);
insert into SYSTEM_FORM_RESPONSE_DETAIL(ID, FORM_RESPONSE_MASTER_ID, FORM_ELEMENT_ID, POINT, VERSION, CREATED_DTM, DELETED) values(1641,2,641,2,0,SYSDATE,0);
insert into SYSTEM_FORM_RESPONSE_DETAIL(ID, FORM_RESPONSE_MASTER_ID, FORM_ELEMENT_ID, POINT, VERSION, CREATED_DTM, DELETED) values(1644,2,644,2,0,SYSDATE,0);
insert into SYSTEM_FORM_RESPONSE_DETAIL(ID, FORM_RESPONSE_MASTER_ID, FORM_ELEMENT_ID, POINT, VERSION, CREATED_DTM, DELETED) values(1646,2,646,2,0,SYSDATE,0);
insert into SYSTEM_FORM_RESPONSE_DETAIL(ID, FORM_RESPONSE_MASTER_ID, FORM_ELEMENT_ID, POINT, VERSION, CREATED_DTM, DELETED) values(1649,2,649,2,0,SYSDATE,0);
insert into SYSTEM_FORM_RESPONSE_DETAIL(ID, FORM_RESPONSE_MASTER_ID, FORM_ELEMENT_ID, POINT, VERSION, CREATED_DTM, DELETED) values(1652,2,652,2,0,SYSDATE,0);
insert into SYSTEM_FORM_RESPONSE_DETAIL(ID, FORM_RESPONSE_MASTER_ID, FORM_ELEMENT_ID, POINT, VERSION, CREATED_DTM, DELETED) values(1656,2,656,2,0,SYSDATE,0);
insert into SYSTEM_FORM_RESPONSE_DETAIL(ID, FORM_RESPONSE_MASTER_ID, FORM_ELEMENT_ID, POINT, VERSION, CREATED_DTM, DELETED) values(1658,2,658,2,0,SYSDATE,0);
insert into SYSTEM_FORM_RESPONSE_DETAIL(ID, FORM_RESPONSE_MASTER_ID, FORM_ELEMENT_ID, POINT, VERSION, CREATED_DTM, DELETED) values(1660,2,660,2,0,SYSDATE,0);
insert into SYSTEM_FORM_RESPONSE_DETAIL(ID, FORM_RESPONSE_MASTER_ID, FORM_ELEMENT_ID, POINT, VERSION, CREATED_DTM, DELETED) values(1662,2,662,2,0,SYSDATE,0);
insert into SYSTEM_FORM_RESPONSE_DETAIL(ID, FORM_RESPONSE_MASTER_ID, FORM_ELEMENT_ID, POINT, VERSION, CREATED_DTM, DELETED) values(1664,2,664,2,0,SYSDATE,0);
insert into SYSTEM_FORM_RESPONSE_DETAIL(ID, FORM_RESPONSE_MASTER_ID, FORM_ELEMENT_ID, POINT, VERSION, CREATED_DTM, DELETED) values(1667,2,667,2,0,SYSDATE,0);
insert into SYSTEM_FORM_RESPONSE_DETAIL(ID, FORM_RESPONSE_MASTER_ID, FORM_ELEMENT_ID, POINT, VERSION, CREATED_DTM, DELETED) values(1669,2,669,2,0,SYSDATE,0);
insert into SYSTEM_FORM_RESPONSE_DETAIL(ID, FORM_RESPONSE_MASTER_ID, FORM_ELEMENT_ID, POINT, VERSION, CREATED_DTM, DELETED) values(1674,2,674,2,0,SYSDATE,0);
insert into SYSTEM_FORM_RESPONSE_DETAIL(ID, FORM_RESPONSE_MASTER_ID, FORM_ELEMENT_ID, POINT, VERSION, CREATED_DTM, DELETED) values(1677,2,677,2,0,SYSDATE,0);
insert into SYSTEM_FORM_RESPONSE_DETAIL(ID, FORM_RESPONSE_MASTER_ID, FORM_ELEMENT_ID, POINT, VERSION, CREATED_DTM, DELETED) values(1679,2,679,1,0,SYSDATE,0);
insert into SYSTEM_FORM_RESPONSE_DETAIL(ID, FORM_RESPONSE_MASTER_ID, FORM_ELEMENT_ID, POINT, VERSION, CREATED_DTM, DELETED) values(1681,2,681,2,0,SYSDATE,0);
insert into SYSTEM_FORM_RESPONSE_DETAIL(ID, FORM_RESPONSE_MASTER_ID, FORM_ELEMENT_ID, POINT, VERSION, CREATED_DTM, DELETED) values(1684,2,684,3,0,SYSDATE,0);
insert into SYSTEM_FORM_RESPONSE_DETAIL(ID, FORM_RESPONSE_MASTER_ID, FORM_ELEMENT_ID, POINT, VERSION, CREATED_DTM, DELETED) values(1687,2,687,3,0,SYSDATE,0);
insert into SYSTEM_FORM_RESPONSE_DETAIL(ID, FORM_RESPONSE_MASTER_ID, FORM_ELEMENT_ID, POINT, VERSION, CREATED_DTM, DELETED) values(1690,2,690,1,0,SYSDATE,0);
insert into SYSTEM_FORM_RESPONSE_DETAIL(ID, FORM_RESPONSE_MASTER_ID, FORM_ELEMENT_ID, POINT, VERSION, CREATED_DTM, DELETED) values(1692,2,692,1,0,SYSDATE,0);
insert into SYSTEM_FORM_RESPONSE_DETAIL(ID, FORM_RESPONSE_MASTER_ID, FORM_ELEMENT_ID, POINT, VERSION, CREATED_DTM, DELETED) values(1694,2,694,2,0,SYSDATE,0);
insert into SYSTEM_FORM_RESPONSE_DETAIL(ID, FORM_RESPONSE_MASTER_ID, FORM_ELEMENT_ID, POINT, VERSION, CREATED_DTM, DELETED) values(1696,2,696,2,0,SYSDATE,0);
insert into SYSTEM_FORM_RESPONSE_DETAIL(ID, FORM_RESPONSE_MASTER_ID, FORM_ELEMENT_ID, POINT, VERSION, CREATED_DTM, DELETED) values(1698,2,698,2,0,SYSDATE,0);
insert into SYSTEM_FORM_RESPONSE_DETAIL(ID, FORM_RESPONSE_MASTER_ID, FORM_ELEMENT_ID, POINT, VERSION, CREATED_DTM, DELETED) values(1701,2,701,2,0,SYSDATE,0);
insert into SYSTEM_FORM_RESPONSE_DETAIL(ID, FORM_RESPONSE_MASTER_ID, FORM_ELEMENT_ID, POINT, VERSION, CREATED_DTM, DELETED) values(1703,2,703,2,0,SYSDATE,0);
insert into SYSTEM_FORM_RESPONSE_DETAIL(ID, FORM_RESPONSE_MASTER_ID, FORM_ELEMENT_ID, POINT, VERSION, CREATED_DTM, DELETED) values(1707,2,707,1,0,SYSDATE,0);
insert into SYSTEM_FORM_RESPONSE_DETAIL(ID, FORM_RESPONSE_MASTER_ID, FORM_ELEMENT_ID, POINT, VERSION, CREATED_DTM, DELETED) values(1710,2,710,1,0,SYSDATE,0);
insert into SYSTEM_FORM_RESPONSE_DETAIL(ID, FORM_RESPONSE_MASTER_ID, FORM_ELEMENT_ID, POINT, VERSION, CREATED_DTM, DELETED) values(1713,2,713,3,0,SYSDATE,0);
insert into SYSTEM_FORM_RESPONSE_DETAIL(ID, FORM_RESPONSE_MASTER_ID, FORM_ELEMENT_ID, POINT, VERSION, CREATED_DTM, DELETED) values(1715,2,715,2,0,SYSDATE,0);

Insert into PD_CORRECTIVE_ACTION_MASTER (ID,SUBJECT,DAYS_FOR_CORRECT,TASK_ID,VERSION,CREATED_DTM,DELETED) values (14,'CV620整改单_14',20,304,0,sysdate,0);
Insert into PD_CORRECTIVE_ACTION_MASTER (ID,SUBJECT,DAYS_FOR_CORRECT,TASK_ID,VERSION,CREATED_DTM,DELETED) values (15,'CV620整改单_15',20,305,0,sysdate,0);
Insert into PD_CORRECTIVE_ACTION_MASTER (ID,SUBJECT,DAYS_FOR_CORRECT,TASK_ID,VERSION,CREATED_DTM,DELETED) values (16,'CV620整改单_16',20,306,0,sysdate,0);
Insert into PD_CORRECTIVE_ACTION_MASTER (ID,SUBJECT,DAYS_FOR_CORRECT,TASK_ID,VERSION,CREATED_DTM,DELETED) values (17,'CV620整改单_17',20,307,0,sysdate,0);
Insert into PD_CORRECTIVE_ACTION_MASTER (ID,SUBJECT,DAYS_FOR_CORRECT,TASK_ID,VERSION,CREATED_DTM,DELETED) values (18,'CV620整改单_18',20,308,0,sysdate,0);
Insert into PD_CORRECTIVE_ACTION_MASTER (ID,SUBJECT,DAYS_FOR_CORRECT,TASK_ID,VERSION,CREATED_DTM,DELETED) values (19,'CV620整改单_19',20,309,0,sysdate,0);
Insert into PD_CORRECTIVE_ACTION_MASTER (ID,SUBJECT,DAYS_FOR_CORRECT,TASK_ID,VERSION,CREATED_DTM,DELETED) values (20,'CV620整改单_20',20,310,0,sysdate,0);
Insert into PD_CORRECTIVE_ACTION_MASTER (ID,SUBJECT,DAYS_FOR_CORRECT,TASK_ID,VERSION,CREATED_DTM,DELETED) values (21,'CV620整改单_21',20,311,0,sysdate,0);
Insert into PD_CORRECTIVE_ACTION_MASTER (ID,SUBJECT,DAYS_FOR_CORRECT,TASK_ID,VERSION,CREATED_DTM,DELETED) values (22,'CV620整改单_22',20,312,0,sysdate,0);
Insert into PD_CORRECTIVE_ACTION_MASTER (ID,SUBJECT,DAYS_FOR_CORRECT,TASK_ID,VERSION,CREATED_DTM,DELETED) values (23,'CV620整改单_23',20,313,0,sysdate,0);
Insert into PD_CORRECTIVE_ACTION_MASTER (ID,SUBJECT,DAYS_FOR_CORRECT,TASK_ID,VERSION,CREATED_DTM,DELETED) values (24,'CV620整改单_24',20,314,0,sysdate,0);
Insert into PD_CORRECTIVE_ACTION_MASTER (ID,SUBJECT,DAYS_FOR_CORRECT,TASK_ID,VERSION,CREATED_DTM,DELETED) values (25,'CV620整改单_25',20,315,0,sysdate,0);
Insert into PD_CORRECTIVE_ACTION_MASTER (ID,SUBJECT,DAYS_FOR_CORRECT,TASK_ID,VERSION,CREATED_DTM,DELETED) values (26,'CV620整改单_26',20,316,0,sysdate,0);
Insert into PD_CORRECTIVE_ACTION_MASTER (ID,SUBJECT,DAYS_FOR_CORRECT,TASK_ID,VERSION,CREATED_DTM,DELETED) values (27,'CV620整改单_27',20,317,0,sysdate,0);
Insert into PD_CORRECTIVE_ACTION_MASTER (ID,SUBJECT,DAYS_FOR_CORRECT,TASK_ID,VERSION,CREATED_DTM,DELETED) values (28,'CV620整改单_28',20,318,0,sysdate,0);
Insert into PD_CORRECTIVE_ACTION_MASTER (ID,SUBJECT,DAYS_FOR_CORRECT,TASK_ID,VERSION,CREATED_DTM,DELETED) values (29,'CV620整改单_29',20,319,0,sysdate,0);
Insert into PD_CORRECTIVE_ACTION_MASTER (ID,SUBJECT,DAYS_FOR_CORRECT,TASK_ID,VERSION,CREATED_DTM,DELETED) values (30,'CV620整改单_30',20,320,0,sysdate,0);
Insert into PD_CORRECTIVE_ACTION_MASTER (ID,SUBJECT,DAYS_FOR_CORRECT,TASK_ID,VERSION,CREATED_DTM,DELETED) values (31,'CV620整改单_31',20,321,0,sysdate,0);

insert into PD_CORRECTIVE_ACTION_DETAIL(ID,MASTER_ID,FORM_RESPONSE_DETAIL_ID,VERSION,CREATED_DTM,DELETED) values(1003,14,1003,0,SYSDATE,0);
insert into PD_CORRECTIVE_ACTION_DETAIL(ID,MASTER_ID,FORM_RESPONSE_DETAIL_ID,VERSION,CREATED_DTM,DELETED) values(1006,14,1006,0,SYSDATE,0);
insert into PD_CORRECTIVE_ACTION_DETAIL(ID,MASTER_ID,FORM_RESPONSE_DETAIL_ID,VERSION,CREATED_DTM,DELETED) values(1011,14,1011,0,SYSDATE,0);
insert into PD_CORRECTIVE_ACTION_DETAIL(ID,MASTER_ID,FORM_RESPONSE_DETAIL_ID,VERSION,CREATED_DTM,DELETED) values(1014,14,1014,0,SYSDATE,0);
insert into PD_CORRECTIVE_ACTION_DETAIL(ID,MASTER_ID,FORM_RESPONSE_DETAIL_ID,VERSION,CREATED_DTM,DELETED) values(1018,14,1018,0,SYSDATE,0);
insert into PD_CORRECTIVE_ACTION_DETAIL(ID,MASTER_ID,FORM_RESPONSE_DETAIL_ID,VERSION,CREATED_DTM,DELETED) values(1021,14,1021,0,SYSDATE,0);
insert into PD_CORRECTIVE_ACTION_DETAIL(ID,MASTER_ID,FORM_RESPONSE_DETAIL_ID,VERSION,CREATED_DTM,DELETED) values(1028,14,1028,0,SYSDATE,0);
insert into PD_CORRECTIVE_ACTION_DETAIL(ID,MASTER_ID,FORM_RESPONSE_DETAIL_ID,VERSION,CREATED_DTM,DELETED) values(1030,14,1030,0,SYSDATE,0);
insert into PD_CORRECTIVE_ACTION_DETAIL(ID,MASTER_ID,FORM_RESPONSE_DETAIL_ID,VERSION,CREATED_DTM,DELETED) values(1032,14,1032,0,SYSDATE,0);
insert into PD_CORRECTIVE_ACTION_DETAIL(ID,MASTER_ID,FORM_RESPONSE_DETAIL_ID,VERSION,CREATED_DTM,DELETED) values(1034,14,1034,0,SYSDATE,0);
insert into PD_CORRECTIVE_ACTION_DETAIL(ID,MASTER_ID,FORM_RESPONSE_DETAIL_ID,VERSION,CREATED_DTM,DELETED) values(1037,14,1037,0,SYSDATE,0);
insert into PD_CORRECTIVE_ACTION_DETAIL(ID,MASTER_ID,FORM_RESPONSE_DETAIL_ID,VERSION,CREATED_DTM,DELETED) values(1039,14,1039,0,SYSDATE,0);
insert into PD_CORRECTIVE_ACTION_DETAIL(ID,MASTER_ID,FORM_RESPONSE_DETAIL_ID,VERSION,CREATED_DTM,DELETED) values(1042,14,1042,0,SYSDATE,0);
insert into PD_CORRECTIVE_ACTION_DETAIL(ID,MASTER_ID,FORM_RESPONSE_DETAIL_ID,VERSION,CREATED_DTM,DELETED) values(1047,14,1047,0,SYSDATE,0);
insert into PD_CORRECTIVE_ACTION_DETAIL(ID,MASTER_ID,FORM_RESPONSE_DETAIL_ID,VERSION,CREATED_DTM,DELETED) values(1049,14,1049,0,SYSDATE,0);
insert into PD_CORRECTIVE_ACTION_DETAIL(ID,MASTER_ID,FORM_RESPONSE_DETAIL_ID,VERSION,CREATED_DTM,DELETED) values(1052,14,1052,0,SYSDATE,0);
insert into PD_CORRECTIVE_ACTION_DETAIL(ID,MASTER_ID,FORM_RESPONSE_DETAIL_ID,VERSION,CREATED_DTM,DELETED) values(1056,14,1056,0,SYSDATE,0);
insert into PD_CORRECTIVE_ACTION_DETAIL(ID,MASTER_ID,FORM_RESPONSE_DETAIL_ID,VERSION,CREATED_DTM,DELETED) values(1058,14,1058,0,SYSDATE,0);
insert into PD_CORRECTIVE_ACTION_DETAIL(ID,MASTER_ID,FORM_RESPONSE_DETAIL_ID,VERSION,CREATED_DTM,DELETED) values(1060,14,1060,0,SYSDATE,0);
insert into PD_CORRECTIVE_ACTION_DETAIL(ID,MASTER_ID,FORM_RESPONSE_DETAIL_ID,VERSION,CREATED_DTM,DELETED) values(1063,14,1063,0,SYSDATE,0);
insert into PD_CORRECTIVE_ACTION_DETAIL(ID,MASTER_ID,FORM_RESPONSE_DETAIL_ID,VERSION,CREATED_DTM,DELETED) values(1067,14,1067,0,SYSDATE,0);
insert into PD_CORRECTIVE_ACTION_DETAIL(ID,MASTER_ID,FORM_RESPONSE_DETAIL_ID,VERSION,CREATED_DTM,DELETED) values(1071,14,1071,0,SYSDATE,0);
insert into PD_CORRECTIVE_ACTION_DETAIL(ID,MASTER_ID,FORM_RESPONSE_DETAIL_ID,VERSION,CREATED_DTM,DELETED) values(1073,14,1073,0,SYSDATE,0);
insert into PD_CORRECTIVE_ACTION_DETAIL(ID,MASTER_ID,FORM_RESPONSE_DETAIL_ID,VERSION,CREATED_DTM,DELETED) values(1076,14,1076,0,SYSDATE,0);
insert into PD_CORRECTIVE_ACTION_DETAIL(ID,MASTER_ID,FORM_RESPONSE_DETAIL_ID,VERSION,CREATED_DTM,DELETED) values(1081,14,1081,0,SYSDATE,0);
insert into PD_CORRECTIVE_ACTION_DETAIL(ID,MASTER_ID,FORM_RESPONSE_DETAIL_ID,VERSION,CREATED_DTM,DELETED) values(1087,14,1087,0,SYSDATE,0);
insert into PD_CORRECTIVE_ACTION_DETAIL(ID,MASTER_ID,FORM_RESPONSE_DETAIL_ID,VERSION,CREATED_DTM,DELETED) values(1090,14,1090,0,SYSDATE,0);
insert into PD_CORRECTIVE_ACTION_DETAIL(ID,MASTER_ID,FORM_RESPONSE_DETAIL_ID,VERSION,CREATED_DTM,DELETED) values(1093,14,1093,0,SYSDATE,0);
insert into PD_CORRECTIVE_ACTION_DETAIL(ID,MASTER_ID,FORM_RESPONSE_DETAIL_ID,VERSION,CREATED_DTM,DELETED) values(1095,14,1095,0,SYSDATE,0);
insert into PD_CORRECTIVE_ACTION_DETAIL(ID,MASTER_ID,FORM_RESPONSE_DETAIL_ID,VERSION,CREATED_DTM,DELETED) values(1099,14,1099,0,SYSDATE,0);
insert into PD_CORRECTIVE_ACTION_DETAIL(ID,MASTER_ID,FORM_RESPONSE_DETAIL_ID,VERSION,CREATED_DTM,DELETED) values(1102,14,1102,0,SYSDATE,0);
insert into PD_CORRECTIVE_ACTION_DETAIL(ID,MASTER_ID,FORM_RESPONSE_DETAIL_ID,VERSION,CREATED_DTM,DELETED) values(1104,14,1104,0,SYSDATE,0);
insert into PD_CORRECTIVE_ACTION_DETAIL(ID,MASTER_ID,FORM_RESPONSE_DETAIL_ID,VERSION,CREATED_DTM,DELETED) values(1106,14,1106,0,SYSDATE,0);
insert into PD_CORRECTIVE_ACTION_DETAIL(ID,MASTER_ID,FORM_RESPONSE_DETAIL_ID,VERSION,CREATED_DTM,DELETED) values(1108,14,1108,0,SYSDATE,0);
insert into PD_CORRECTIVE_ACTION_DETAIL(ID,MASTER_ID,FORM_RESPONSE_DETAIL_ID,VERSION,CREATED_DTM,DELETED) values(1110,14,1110,0,SYSDATE,0);
insert into PD_CORRECTIVE_ACTION_DETAIL(ID,MASTER_ID,FORM_RESPONSE_DETAIL_ID,VERSION,CREATED_DTM,DELETED) values(1112,14,1112,0,SYSDATE,0);
insert into PD_CORRECTIVE_ACTION_DETAIL(ID,MASTER_ID,FORM_RESPONSE_DETAIL_ID,VERSION,CREATED_DTM,DELETED) values(1116,14,1116,0,SYSDATE,0);
insert into PD_CORRECTIVE_ACTION_DETAIL(ID,MASTER_ID,FORM_RESPONSE_DETAIL_ID,VERSION,CREATED_DTM,DELETED) values(1119,14,1119,0,SYSDATE,0);
insert into PD_CORRECTIVE_ACTION_DETAIL(ID,MASTER_ID,FORM_RESPONSE_DETAIL_ID,VERSION,CREATED_DTM,DELETED) values(1121,14,1121,0,SYSDATE,0);
insert into PD_CORRECTIVE_ACTION_DETAIL(ID,MASTER_ID,FORM_RESPONSE_DETAIL_ID,VERSION,CREATED_DTM,DELETED) values(1123,14,1123,0,SYSDATE,0);
insert into PD_CORRECTIVE_ACTION_DETAIL(ID,MASTER_ID,FORM_RESPONSE_DETAIL_ID,VERSION,CREATED_DTM,DELETED) values(1125,14,1125,0,SYSDATE,0);
insert into PD_CORRECTIVE_ACTION_DETAIL(ID,MASTER_ID,FORM_RESPONSE_DETAIL_ID,VERSION,CREATED_DTM,DELETED) values(1127,14,1127,0,SYSDATE,0);
insert into PD_CORRECTIVE_ACTION_DETAIL(ID,MASTER_ID,FORM_RESPONSE_DETAIL_ID,VERSION,CREATED_DTM,DELETED) values(1131,14,1131,0,SYSDATE,0);
insert into PD_CORRECTIVE_ACTION_DETAIL(ID,MASTER_ID,FORM_RESPONSE_DETAIL_ID,VERSION,CREATED_DTM,DELETED) values(1133,14,1133,0,SYSDATE,0);
insert into PD_CORRECTIVE_ACTION_DETAIL(ID,MASTER_ID,FORM_RESPONSE_DETAIL_ID,VERSION,CREATED_DTM,DELETED) values(1135,14,1135,0,SYSDATE,0);
insert into PD_CORRECTIVE_ACTION_DETAIL(ID,MASTER_ID,FORM_RESPONSE_DETAIL_ID,VERSION,CREATED_DTM,DELETED) values(1139,14,1139,0,SYSDATE,0);
insert into PD_CORRECTIVE_ACTION_DETAIL(ID,MASTER_ID,FORM_RESPONSE_DETAIL_ID,VERSION,CREATED_DTM,DELETED) values(1141,14,1141,0,SYSDATE,0);
insert into PD_CORRECTIVE_ACTION_DETAIL(ID,MASTER_ID,FORM_RESPONSE_DETAIL_ID,VERSION,CREATED_DTM,DELETED) values(1143,14,1143,0,SYSDATE,0);
insert into PD_CORRECTIVE_ACTION_DETAIL(ID,MASTER_ID,FORM_RESPONSE_DETAIL_ID,VERSION,CREATED_DTM,DELETED) values(1145,14,1145,0,SYSDATE,0);
insert into PD_CORRECTIVE_ACTION_DETAIL(ID,MASTER_ID,FORM_RESPONSE_DETAIL_ID,VERSION,CREATED_DTM,DELETED) values(1147,14,1147,0,SYSDATE,0);
insert into PD_CORRECTIVE_ACTION_DETAIL(ID,MASTER_ID,FORM_RESPONSE_DETAIL_ID,VERSION,CREATED_DTM,DELETED) values(1149,14,1149,0,SYSDATE,0);
insert into PD_CORRECTIVE_ACTION_DETAIL(ID,MASTER_ID,FORM_RESPONSE_DETAIL_ID,VERSION,CREATED_DTM,DELETED) values(1151,14,1151,0,SYSDATE,0);
insert into PD_CORRECTIVE_ACTION_DETAIL(ID,MASTER_ID,FORM_RESPONSE_DETAIL_ID,VERSION,CREATED_DTM,DELETED) values(1154,14,1154,0,SYSDATE,0);
insert into PD_CORRECTIVE_ACTION_DETAIL(ID,MASTER_ID,FORM_RESPONSE_DETAIL_ID,VERSION,CREATED_DTM,DELETED) values(1158,14,1158,0,SYSDATE,0);
insert into PD_CORRECTIVE_ACTION_DETAIL(ID,MASTER_ID,FORM_RESPONSE_DETAIL_ID,VERSION,CREATED_DTM,DELETED) values(1160,14,1160,0,SYSDATE,0);
insert into PD_CORRECTIVE_ACTION_DETAIL(ID,MASTER_ID,FORM_RESPONSE_DETAIL_ID,VERSION,CREATED_DTM,DELETED) values(1162,14,1162,0,SYSDATE,0);
insert into PD_CORRECTIVE_ACTION_DETAIL(ID,MASTER_ID,FORM_RESPONSE_DETAIL_ID,VERSION,CREATED_DTM,DELETED) values(1164,14,1164,0,SYSDATE,0);
insert into PD_CORRECTIVE_ACTION_DETAIL(ID,MASTER_ID,FORM_RESPONSE_DETAIL_ID,VERSION,CREATED_DTM,DELETED) values(1167,14,1167,0,SYSDATE,0);
insert into PD_CORRECTIVE_ACTION_DETAIL(ID,MASTER_ID,FORM_RESPONSE_DETAIL_ID,VERSION,CREATED_DTM,DELETED) values(1169,14,1169,0,SYSDATE,0);
insert into PD_CORRECTIVE_ACTION_DETAIL(ID,MASTER_ID,FORM_RESPONSE_DETAIL_ID,VERSION,CREATED_DTM,DELETED) values(1171,14,1171,0,SYSDATE,0);
insert into PD_CORRECTIVE_ACTION_DETAIL(ID,MASTER_ID,FORM_RESPONSE_DETAIL_ID,VERSION,CREATED_DTM,DELETED) values(1173,14,1173,0,SYSDATE,0);
insert into PD_CORRECTIVE_ACTION_DETAIL(ID,MASTER_ID,FORM_RESPONSE_DETAIL_ID,VERSION,CREATED_DTM,DELETED) values(1175,14,1175,0,SYSDATE,0);
insert into PD_CORRECTIVE_ACTION_DETAIL(ID,MASTER_ID,FORM_RESPONSE_DETAIL_ID,VERSION,CREATED_DTM,DELETED) values(1178,14,1178,0,SYSDATE,0);
insert into PD_CORRECTIVE_ACTION_DETAIL(ID,MASTER_ID,FORM_RESPONSE_DETAIL_ID,VERSION,CREATED_DTM,DELETED) values(1181,14,1181,0,SYSDATE,0);
insert into PD_CORRECTIVE_ACTION_DETAIL(ID,MASTER_ID,FORM_RESPONSE_DETAIL_ID,VERSION,CREATED_DTM,DELETED) values(1183,14,1183,0,SYSDATE,0);
insert into PD_CORRECTIVE_ACTION_DETAIL(ID,MASTER_ID,FORM_RESPONSE_DETAIL_ID,VERSION,CREATED_DTM,DELETED) values(1185,14,1185,0,SYSDATE,0);
insert into PD_CORRECTIVE_ACTION_DETAIL(ID,MASTER_ID,FORM_RESPONSE_DETAIL_ID,VERSION,CREATED_DTM,DELETED) values(1188,14,1188,0,SYSDATE,0);
insert into PD_CORRECTIVE_ACTION_DETAIL(ID,MASTER_ID,FORM_RESPONSE_DETAIL_ID,VERSION,CREATED_DTM,DELETED) values(1190,14,1190,0,SYSDATE,0);
insert into PD_CORRECTIVE_ACTION_DETAIL(ID,MASTER_ID,FORM_RESPONSE_DETAIL_ID,VERSION,CREATED_DTM,DELETED) values(1193,14,1193,0,SYSDATE,0);
insert into PD_CORRECTIVE_ACTION_DETAIL(ID,MASTER_ID,FORM_RESPONSE_DETAIL_ID,VERSION,CREATED_DTM,DELETED) values(1195,14,1195,0,SYSDATE,0);
insert into PD_CORRECTIVE_ACTION_DETAIL(ID,MASTER_ID,FORM_RESPONSE_DETAIL_ID,VERSION,CREATED_DTM,DELETED) values(1197,14,1197,0,SYSDATE,0);
insert into PD_CORRECTIVE_ACTION_DETAIL(ID,MASTER_ID,FORM_RESPONSE_DETAIL_ID,VERSION,CREATED_DTM,DELETED) values(1217,14,1217,0,SYSDATE,0);
insert into PD_CORRECTIVE_ACTION_DETAIL(ID,MASTER_ID,FORM_RESPONSE_DETAIL_ID,VERSION,CREATED_DTM,DELETED) values(1219,14,1219,0,SYSDATE,0);
insert into PD_CORRECTIVE_ACTION_DETAIL(ID,MASTER_ID,FORM_RESPONSE_DETAIL_ID,VERSION,CREATED_DTM,DELETED) values(1223,14,1223,0,SYSDATE,0);
insert into PD_CORRECTIVE_ACTION_DETAIL(ID,MASTER_ID,FORM_RESPONSE_DETAIL_ID,VERSION,CREATED_DTM,DELETED) values(1226,14,1226,0,SYSDATE,0);
insert into PD_CORRECTIVE_ACTION_DETAIL(ID,MASTER_ID,FORM_RESPONSE_DETAIL_ID,VERSION,CREATED_DTM,DELETED) values(1228,14,1228,0,SYSDATE,0);
insert into PD_CORRECTIVE_ACTION_DETAIL(ID,MASTER_ID,FORM_RESPONSE_DETAIL_ID,VERSION,CREATED_DTM,DELETED) values(1230,14,1230,0,SYSDATE,0);
insert into PD_CORRECTIVE_ACTION_DETAIL(ID,MASTER_ID,FORM_RESPONSE_DETAIL_ID,VERSION,CREATED_DTM,DELETED) values(1232,14,1232,0,SYSDATE,0);
insert into PD_CORRECTIVE_ACTION_DETAIL(ID,MASTER_ID,FORM_RESPONSE_DETAIL_ID,VERSION,CREATED_DTM,DELETED) values(1234,14,1234,0,SYSDATE,0);
insert into PD_CORRECTIVE_ACTION_DETAIL(ID,MASTER_ID,FORM_RESPONSE_DETAIL_ID,VERSION,CREATED_DTM,DELETED) values(1236,14,1236,0,SYSDATE,0);
insert into PD_CORRECTIVE_ACTION_DETAIL(ID,MASTER_ID,FORM_RESPONSE_DETAIL_ID,VERSION,CREATED_DTM,DELETED) values(1238,14,1238,0,SYSDATE,0);
insert into PD_CORRECTIVE_ACTION_DETAIL(ID,MASTER_ID,FORM_RESPONSE_DETAIL_ID,VERSION,CREATED_DTM,DELETED) values(1240,14,1240,0,SYSDATE,0);
insert into PD_CORRECTIVE_ACTION_DETAIL(ID,MASTER_ID,FORM_RESPONSE_DETAIL_ID,VERSION,CREATED_DTM,DELETED) values(1242,14,1242,0,SYSDATE,0);
insert into PD_CORRECTIVE_ACTION_DETAIL(ID,MASTER_ID,FORM_RESPONSE_DETAIL_ID,VERSION,CREATED_DTM,DELETED) values(1246,14,1246,0,SYSDATE,0);
insert into PD_CORRECTIVE_ACTION_DETAIL(ID,MASTER_ID,FORM_RESPONSE_DETAIL_ID,VERSION,CREATED_DTM,DELETED) values(1252,14,1252,0,SYSDATE,0);
insert into PD_CORRECTIVE_ACTION_DETAIL(ID,MASTER_ID,FORM_RESPONSE_DETAIL_ID,VERSION,CREATED_DTM,DELETED) values(1262,14,1262,0,SYSDATE,0);
insert into PD_CORRECTIVE_ACTION_DETAIL(ID,MASTER_ID,FORM_RESPONSE_DETAIL_ID,VERSION,CREATED_DTM,DELETED) values(1265,14,1265,0,SYSDATE,0);
insert into PD_CORRECTIVE_ACTION_DETAIL(ID,MASTER_ID,FORM_RESPONSE_DETAIL_ID,VERSION,CREATED_DTM,DELETED) values(1271,14,1271,0,SYSDATE,0);
insert into PD_CORRECTIVE_ACTION_DETAIL(ID,MASTER_ID,FORM_RESPONSE_DETAIL_ID,VERSION,CREATED_DTM,DELETED) values(1277,14,1277,0,SYSDATE,0);
insert into PD_CORRECTIVE_ACTION_DETAIL(ID,MASTER_ID,FORM_RESPONSE_DETAIL_ID,VERSION,CREATED_DTM,DELETED) values(1280,14,1280,0,SYSDATE,0);
insert into PD_CORRECTIVE_ACTION_DETAIL(ID,MASTER_ID,FORM_RESPONSE_DETAIL_ID,VERSION,CREATED_DTM,DELETED) values(1285,14,1285,0,SYSDATE,0);
insert into PD_CORRECTIVE_ACTION_DETAIL(ID,MASTER_ID,FORM_RESPONSE_DETAIL_ID,VERSION,CREATED_DTM,DELETED) values(1290,14,1290,0,SYSDATE,0);
insert into PD_CORRECTIVE_ACTION_DETAIL(ID,MASTER_ID,FORM_RESPONSE_DETAIL_ID,VERSION,CREATED_DTM,DELETED) values(1294,14,1294,0,SYSDATE,0);
insert into PD_CORRECTIVE_ACTION_DETAIL(ID,MASTER_ID,FORM_RESPONSE_DETAIL_ID,VERSION,CREATED_DTM,DELETED) values(1297,14,1297,0,SYSDATE,0);
insert into PD_CORRECTIVE_ACTION_DETAIL(ID,MASTER_ID,FORM_RESPONSE_DETAIL_ID,VERSION,CREATED_DTM,DELETED) values(1300,14,1300,0,SYSDATE,0);
insert into PD_CORRECTIVE_ACTION_DETAIL(ID,MASTER_ID,FORM_RESPONSE_DETAIL_ID,VERSION,CREATED_DTM,DELETED) values(1302,14,1302,0,SYSDATE,0);
insert into PD_CORRECTIVE_ACTION_DETAIL(ID,MASTER_ID,FORM_RESPONSE_DETAIL_ID,VERSION,CREATED_DTM,DELETED) values(1305,14,1305,0,SYSDATE,0);
insert into PD_CORRECTIVE_ACTION_DETAIL(ID,MASTER_ID,FORM_RESPONSE_DETAIL_ID,VERSION,CREATED_DTM,DELETED) values(1307,14,1307,0,SYSDATE,0);
insert into PD_CORRECTIVE_ACTION_DETAIL(ID,MASTER_ID,FORM_RESPONSE_DETAIL_ID,VERSION,CREATED_DTM,DELETED) values(1309,14,1309,0,SYSDATE,0);
insert into PD_CORRECTIVE_ACTION_DETAIL(ID,MASTER_ID,FORM_RESPONSE_DETAIL_ID,VERSION,CREATED_DTM,DELETED) values(1312,14,1312,0,SYSDATE,0);
insert into PD_CORRECTIVE_ACTION_DETAIL(ID,MASTER_ID,FORM_RESPONSE_DETAIL_ID,VERSION,CREATED_DTM,DELETED) values(1315,14,1315,0,SYSDATE,0);
insert into PD_CORRECTIVE_ACTION_DETAIL(ID,MASTER_ID,FORM_RESPONSE_DETAIL_ID,VERSION,CREATED_DTM,DELETED) values(1317,14,1317,0,SYSDATE,0);
insert into PD_CORRECTIVE_ACTION_DETAIL(ID,MASTER_ID,FORM_RESPONSE_DETAIL_ID,VERSION,CREATED_DTM,DELETED) values(1319,14,1319,0,SYSDATE,0);
insert into PD_CORRECTIVE_ACTION_DETAIL(ID,MASTER_ID,FORM_RESPONSE_DETAIL_ID,VERSION,CREATED_DTM,DELETED) values(1321,14,1321,0,SYSDATE,0);
insert into PD_CORRECTIVE_ACTION_DETAIL(ID,MASTER_ID,FORM_RESPONSE_DETAIL_ID,VERSION,CREATED_DTM,DELETED) values(1324,14,1324,0,SYSDATE,0);
insert into PD_CORRECTIVE_ACTION_DETAIL(ID,MASTER_ID,FORM_RESPONSE_DETAIL_ID,VERSION,CREATED_DTM,DELETED) values(1326,14,1326,0,SYSDATE,0);
insert into PD_CORRECTIVE_ACTION_DETAIL(ID,MASTER_ID,FORM_RESPONSE_DETAIL_ID,VERSION,CREATED_DTM,DELETED) values(1328,14,1328,0,SYSDATE,0);
insert into PD_CORRECTIVE_ACTION_DETAIL(ID,MASTER_ID,FORM_RESPONSE_DETAIL_ID,VERSION,CREATED_DTM,DELETED) values(1331,14,1331,0,SYSDATE,0);
insert into PD_CORRECTIVE_ACTION_DETAIL(ID,MASTER_ID,FORM_RESPONSE_DETAIL_ID,VERSION,CREATED_DTM,DELETED) values(1333,14,1333,0,SYSDATE,0);
insert into PD_CORRECTIVE_ACTION_DETAIL(ID,MASTER_ID,FORM_RESPONSE_DETAIL_ID,VERSION,CREATED_DTM,DELETED) values(1336,14,1336,0,SYSDATE,0);
insert into PD_CORRECTIVE_ACTION_DETAIL(ID,MASTER_ID,FORM_RESPONSE_DETAIL_ID,VERSION,CREATED_DTM,DELETED) values(1339,14,1339,0,SYSDATE,0);
insert into PD_CORRECTIVE_ACTION_DETAIL(ID,MASTER_ID,FORM_RESPONSE_DETAIL_ID,VERSION,CREATED_DTM,DELETED) values(1341,14,1341,0,SYSDATE,0);
insert into PD_CORRECTIVE_ACTION_DETAIL(ID,MASTER_ID,FORM_RESPONSE_DETAIL_ID,VERSION,CREATED_DTM,DELETED) values(1343,14,1343,0,SYSDATE,0);
insert into PD_CORRECTIVE_ACTION_DETAIL(ID,MASTER_ID,FORM_RESPONSE_DETAIL_ID,VERSION,CREATED_DTM,DELETED) values(1346,14,1346,0,SYSDATE,0);
insert into PD_CORRECTIVE_ACTION_DETAIL(ID,MASTER_ID,FORM_RESPONSE_DETAIL_ID,VERSION,CREATED_DTM,DELETED) values(1348,14,1348,0,SYSDATE,0);
insert into PD_CORRECTIVE_ACTION_DETAIL(ID,MASTER_ID,FORM_RESPONSE_DETAIL_ID,VERSION,CREATED_DTM,DELETED) values(1357,14,1357,0,SYSDATE,0);
insert into PD_CORRECTIVE_ACTION_DETAIL(ID,MASTER_ID,FORM_RESPONSE_DETAIL_ID,VERSION,CREATED_DTM,DELETED) values(1359,14,1359,0,SYSDATE,0);
insert into PD_CORRECTIVE_ACTION_DETAIL(ID,MASTER_ID,FORM_RESPONSE_DETAIL_ID,VERSION,CREATED_DTM,DELETED) values(1363,14,1363,0,SYSDATE,0);
insert into PD_CORRECTIVE_ACTION_DETAIL(ID,MASTER_ID,FORM_RESPONSE_DETAIL_ID,VERSION,CREATED_DTM,DELETED) values(1365,14,1365,0,SYSDATE,0);
insert into PD_CORRECTIVE_ACTION_DETAIL(ID,MASTER_ID,FORM_RESPONSE_DETAIL_ID,VERSION,CREATED_DTM,DELETED) values(1367,14,1367,0,SYSDATE,0);
insert into PD_CORRECTIVE_ACTION_DETAIL(ID,MASTER_ID,FORM_RESPONSE_DETAIL_ID,VERSION,CREATED_DTM,DELETED) values(1369,14,1369,0,SYSDATE,0);
insert into PD_CORRECTIVE_ACTION_DETAIL(ID,MASTER_ID,FORM_RESPONSE_DETAIL_ID,VERSION,CREATED_DTM,DELETED) values(1372,14,1372,0,SYSDATE,0);
insert into PD_CORRECTIVE_ACTION_DETAIL(ID,MASTER_ID,FORM_RESPONSE_DETAIL_ID,VERSION,CREATED_DTM,DELETED) values(1374,14,1374,0,SYSDATE,0);
insert into PD_CORRECTIVE_ACTION_DETAIL(ID,MASTER_ID,FORM_RESPONSE_DETAIL_ID,VERSION,CREATED_DTM,DELETED) values(1377,14,1377,0,SYSDATE,0);
insert into PD_CORRECTIVE_ACTION_DETAIL(ID,MASTER_ID,FORM_RESPONSE_DETAIL_ID,VERSION,CREATED_DTM,DELETED) values(1381,14,1381,0,SYSDATE,0);
insert into PD_CORRECTIVE_ACTION_DETAIL(ID,MASTER_ID,FORM_RESPONSE_DETAIL_ID,VERSION,CREATED_DTM,DELETED) values(1383,14,1383,0,SYSDATE,0);
insert into PD_CORRECTIVE_ACTION_DETAIL(ID,MASTER_ID,FORM_RESPONSE_DETAIL_ID,VERSION,CREATED_DTM,DELETED) values(1387,14,1387,0,SYSDATE,0);
insert into PD_CORRECTIVE_ACTION_DETAIL(ID,MASTER_ID,FORM_RESPONSE_DETAIL_ID,VERSION,CREATED_DTM,DELETED) values(1390,14,1390,0,SYSDATE,0);
insert into PD_CORRECTIVE_ACTION_DETAIL(ID,MASTER_ID,FORM_RESPONSE_DETAIL_ID,VERSION,CREATED_DTM,DELETED) values(1392,14,1392,0,SYSDATE,0);
insert into PD_CORRECTIVE_ACTION_DETAIL(ID,MASTER_ID,FORM_RESPONSE_DETAIL_ID,VERSION,CREATED_DTM,DELETED) values(1394,14,1394,0,SYSDATE,0);
insert into PD_CORRECTIVE_ACTION_DETAIL(ID,MASTER_ID,FORM_RESPONSE_DETAIL_ID,VERSION,CREATED_DTM,DELETED) values(1396,14,1396,0,SYSDATE,0);
insert into PD_CORRECTIVE_ACTION_DETAIL(ID,MASTER_ID,FORM_RESPONSE_DETAIL_ID,VERSION,CREATED_DTM,DELETED) values(1398,14,1398,0,SYSDATE,0);
insert into PD_CORRECTIVE_ACTION_DETAIL(ID,MASTER_ID,FORM_RESPONSE_DETAIL_ID,VERSION,CREATED_DTM,DELETED) values(1400,14,1400,0,SYSDATE,0);
insert into PD_CORRECTIVE_ACTION_DETAIL(ID,MASTER_ID,FORM_RESPONSE_DETAIL_ID,VERSION,CREATED_DTM,DELETED) values(1403,14,1403,0,SYSDATE,0);
insert into PD_CORRECTIVE_ACTION_DETAIL(ID,MASTER_ID,FORM_RESPONSE_DETAIL_ID,VERSION,CREATED_DTM,DELETED) values(1406,14,1406,0,SYSDATE,0);
insert into PD_CORRECTIVE_ACTION_DETAIL(ID,MASTER_ID,FORM_RESPONSE_DETAIL_ID,VERSION,CREATED_DTM,DELETED) values(1408,14,1408,0,SYSDATE,0);
insert into PD_CORRECTIVE_ACTION_DETAIL(ID,MASTER_ID,FORM_RESPONSE_DETAIL_ID,VERSION,CREATED_DTM,DELETED) values(1410,14,1410,0,SYSDATE,0);
insert into PD_CORRECTIVE_ACTION_DETAIL(ID,MASTER_ID,FORM_RESPONSE_DETAIL_ID,VERSION,CREATED_DTM,DELETED) values(1412,14,1412,0,SYSDATE,0);
insert into PD_CORRECTIVE_ACTION_DETAIL(ID,MASTER_ID,FORM_RESPONSE_DETAIL_ID,VERSION,CREATED_DTM,DELETED) values(1414,14,1414,0,SYSDATE,0);
insert into PD_CORRECTIVE_ACTION_DETAIL(ID,MASTER_ID,FORM_RESPONSE_DETAIL_ID,VERSION,CREATED_DTM,DELETED) values(1416,14,1416,0,SYSDATE,0);
insert into PD_CORRECTIVE_ACTION_DETAIL(ID,MASTER_ID,FORM_RESPONSE_DETAIL_ID,VERSION,CREATED_DTM,DELETED) values(1419,14,1419,0,SYSDATE,0);
insert into PD_CORRECTIVE_ACTION_DETAIL(ID,MASTER_ID,FORM_RESPONSE_DETAIL_ID,VERSION,CREATED_DTM,DELETED) values(1421,14,1421,0,SYSDATE,0);
insert into PD_CORRECTIVE_ACTION_DETAIL(ID,MASTER_ID,FORM_RESPONSE_DETAIL_ID,VERSION,CREATED_DTM,DELETED) values(1423,14,1423,0,SYSDATE,0);
insert into PD_CORRECTIVE_ACTION_DETAIL(ID,MASTER_ID,FORM_RESPONSE_DETAIL_ID,VERSION,CREATED_DTM,DELETED) values(1425,14,1425,0,SYSDATE,0);
insert into PD_CORRECTIVE_ACTION_DETAIL(ID,MASTER_ID,FORM_RESPONSE_DETAIL_ID,VERSION,CREATED_DTM,DELETED) values(1428,14,1428,0,SYSDATE,0);
insert into PD_CORRECTIVE_ACTION_DETAIL(ID,MASTER_ID,FORM_RESPONSE_DETAIL_ID,VERSION,CREATED_DTM,DELETED) values(1433,14,1433,0,SYSDATE,0);
insert into PD_CORRECTIVE_ACTION_DETAIL(ID,MASTER_ID,FORM_RESPONSE_DETAIL_ID,VERSION,CREATED_DTM,DELETED) values(1436,14,1436,0,SYSDATE,0);
insert into PD_CORRECTIVE_ACTION_DETAIL(ID,MASTER_ID,FORM_RESPONSE_DETAIL_ID,VERSION,CREATED_DTM,DELETED) values(1438,14,1438,0,SYSDATE,0);
insert into PD_CORRECTIVE_ACTION_DETAIL(ID,MASTER_ID,FORM_RESPONSE_DETAIL_ID,VERSION,CREATED_DTM,DELETED) values(1440,14,1440,0,SYSDATE,0);
insert into PD_CORRECTIVE_ACTION_DETAIL(ID,MASTER_ID,FORM_RESPONSE_DETAIL_ID,VERSION,CREATED_DTM,DELETED) values(1443,14,1443,0,SYSDATE,0);
insert into PD_CORRECTIVE_ACTION_DETAIL(ID,MASTER_ID,FORM_RESPONSE_DETAIL_ID,VERSION,CREATED_DTM,DELETED) values(1446,14,1446,0,SYSDATE,0);
insert into PD_CORRECTIVE_ACTION_DETAIL(ID,MASTER_ID,FORM_RESPONSE_DETAIL_ID,VERSION,CREATED_DTM,DELETED) values(1448,14,1448,0,SYSDATE,0);
insert into PD_CORRECTIVE_ACTION_DETAIL(ID,MASTER_ID,FORM_RESPONSE_DETAIL_ID,VERSION,CREATED_DTM,DELETED) values(1450,14,1450,0,SYSDATE,0);
insert into PD_CORRECTIVE_ACTION_DETAIL(ID,MASTER_ID,FORM_RESPONSE_DETAIL_ID,VERSION,CREATED_DTM,DELETED) values(1453,14,1453,0,SYSDATE,0);
insert into PD_CORRECTIVE_ACTION_DETAIL(ID,MASTER_ID,FORM_RESPONSE_DETAIL_ID,VERSION,CREATED_DTM,DELETED) values(1456,14,1456,0,SYSDATE,0);
insert into PD_CORRECTIVE_ACTION_DETAIL(ID,MASTER_ID,FORM_RESPONSE_DETAIL_ID,VERSION,CREATED_DTM,DELETED) values(1458,14,1458,0,SYSDATE,0);
insert into PD_CORRECTIVE_ACTION_DETAIL(ID,MASTER_ID,FORM_RESPONSE_DETAIL_ID,VERSION,CREATED_DTM,DELETED) values(1461,14,1461,0,SYSDATE,0);
insert into PD_CORRECTIVE_ACTION_DETAIL(ID,MASTER_ID,FORM_RESPONSE_DETAIL_ID,VERSION,CREATED_DTM,DELETED) values(1464,14,1464,0,SYSDATE,0);
insert into PD_CORRECTIVE_ACTION_DETAIL(ID,MASTER_ID,FORM_RESPONSE_DETAIL_ID,VERSION,CREATED_DTM,DELETED) values(1466,14,1466,0,SYSDATE,0);
insert into PD_CORRECTIVE_ACTION_DETAIL(ID,MASTER_ID,FORM_RESPONSE_DETAIL_ID,VERSION,CREATED_DTM,DELETED) values(1468,14,1468,0,SYSDATE,0);
insert into PD_CORRECTIVE_ACTION_DETAIL(ID,MASTER_ID,FORM_RESPONSE_DETAIL_ID,VERSION,CREATED_DTM,DELETED) values(1470,14,1470,0,SYSDATE,0);
insert into PD_CORRECTIVE_ACTION_DETAIL(ID,MASTER_ID,FORM_RESPONSE_DETAIL_ID,VERSION,CREATED_DTM,DELETED) values(1474,14,1474,0,SYSDATE,0);
insert into PD_CORRECTIVE_ACTION_DETAIL(ID,MASTER_ID,FORM_RESPONSE_DETAIL_ID,VERSION,CREATED_DTM,DELETED) values(1477,14,1477,0,SYSDATE,0);
insert into PD_CORRECTIVE_ACTION_DETAIL(ID,MASTER_ID,FORM_RESPONSE_DETAIL_ID,VERSION,CREATED_DTM,DELETED) values(1480,14,1480,0,SYSDATE,0);
insert into PD_CORRECTIVE_ACTION_DETAIL(ID,MASTER_ID,FORM_RESPONSE_DETAIL_ID,VERSION,CREATED_DTM,DELETED) values(1482,14,1482,0,SYSDATE,0);
insert into PD_CORRECTIVE_ACTION_DETAIL(ID,MASTER_ID,FORM_RESPONSE_DETAIL_ID,VERSION,CREATED_DTM,DELETED) values(1484,14,1484,0,SYSDATE,0);
insert into PD_CORRECTIVE_ACTION_DETAIL(ID,MASTER_ID,FORM_RESPONSE_DETAIL_ID,VERSION,CREATED_DTM,DELETED) values(1486,14,1486,0,SYSDATE,0);
insert into PD_CORRECTIVE_ACTION_DETAIL(ID,MASTER_ID,FORM_RESPONSE_DETAIL_ID,VERSION,CREATED_DTM,DELETED) values(1488,14,1488,0,SYSDATE,0);
insert into PD_CORRECTIVE_ACTION_DETAIL(ID,MASTER_ID,FORM_RESPONSE_DETAIL_ID,VERSION,CREATED_DTM,DELETED) values(1492,14,1492,0,SYSDATE,0);
insert into PD_CORRECTIVE_ACTION_DETAIL(ID,MASTER_ID,FORM_RESPONSE_DETAIL_ID,VERSION,CREATED_DTM,DELETED) values(1494,14,1494,0,SYSDATE,0);
insert into PD_CORRECTIVE_ACTION_DETAIL(ID,MASTER_ID,FORM_RESPONSE_DETAIL_ID,VERSION,CREATED_DTM,DELETED) values(1498,14,1498,0,SYSDATE,0);
insert into PD_CORRECTIVE_ACTION_DETAIL(ID,MASTER_ID,FORM_RESPONSE_DETAIL_ID,VERSION,CREATED_DTM,DELETED) values(1500,14,1500,0,SYSDATE,0);
insert into PD_CORRECTIVE_ACTION_DETAIL(ID,MASTER_ID,FORM_RESPONSE_DETAIL_ID,VERSION,CREATED_DTM,DELETED) values(1502,14,1502,0,SYSDATE,0);
insert into PD_CORRECTIVE_ACTION_DETAIL(ID,MASTER_ID,FORM_RESPONSE_DETAIL_ID,VERSION,CREATED_DTM,DELETED) values(1507,14,1507,0,SYSDATE,0);
insert into PD_CORRECTIVE_ACTION_DETAIL(ID,MASTER_ID,FORM_RESPONSE_DETAIL_ID,VERSION,CREATED_DTM,DELETED) values(1509,14,1509,0,SYSDATE,0);
insert into PD_CORRECTIVE_ACTION_DETAIL(ID,MASTER_ID,FORM_RESPONSE_DETAIL_ID,VERSION,CREATED_DTM,DELETED) values(1513,14,1513,0,SYSDATE,0);
insert into PD_CORRECTIVE_ACTION_DETAIL(ID,MASTER_ID,FORM_RESPONSE_DETAIL_ID,VERSION,CREATED_DTM,DELETED) values(1519,14,1519,0,SYSDATE,0);
insert into PD_CORRECTIVE_ACTION_DETAIL(ID,MASTER_ID,FORM_RESPONSE_DETAIL_ID,VERSION,CREATED_DTM,DELETED) values(1522,14,1522,0,SYSDATE,0);
insert into PD_CORRECTIVE_ACTION_DETAIL(ID,MASTER_ID,FORM_RESPONSE_DETAIL_ID,VERSION,CREATED_DTM,DELETED) values(1526,14,1526,0,SYSDATE,0);
insert into PD_CORRECTIVE_ACTION_DETAIL(ID,MASTER_ID,FORM_RESPONSE_DETAIL_ID,VERSION,CREATED_DTM,DELETED) values(1529,14,1529,0,SYSDATE,0);
insert into PD_CORRECTIVE_ACTION_DETAIL(ID,MASTER_ID,FORM_RESPONSE_DETAIL_ID,VERSION,CREATED_DTM,DELETED) values(1531,14,1531,0,SYSDATE,0);
insert into PD_CORRECTIVE_ACTION_DETAIL(ID,MASTER_ID,FORM_RESPONSE_DETAIL_ID,VERSION,CREATED_DTM,DELETED) values(1533,14,1533,0,SYSDATE,0);
insert into PD_CORRECTIVE_ACTION_DETAIL(ID,MASTER_ID,FORM_RESPONSE_DETAIL_ID,VERSION,CREATED_DTM,DELETED) values(1535,14,1535,0,SYSDATE,0);
insert into PD_CORRECTIVE_ACTION_DETAIL(ID,MASTER_ID,FORM_RESPONSE_DETAIL_ID,VERSION,CREATED_DTM,DELETED) values(1537,14,1537,0,SYSDATE,0);
insert into PD_CORRECTIVE_ACTION_DETAIL(ID,MASTER_ID,FORM_RESPONSE_DETAIL_ID,VERSION,CREATED_DTM,DELETED) values(1539,14,1539,0,SYSDATE,0);
insert into PD_CORRECTIVE_ACTION_DETAIL(ID,MASTER_ID,FORM_RESPONSE_DETAIL_ID,VERSION,CREATED_DTM,DELETED) values(1542,14,1542,0,SYSDATE,0);
insert into PD_CORRECTIVE_ACTION_DETAIL(ID,MASTER_ID,FORM_RESPONSE_DETAIL_ID,VERSION,CREATED_DTM,DELETED) values(1545,14,1545,0,SYSDATE,0);
insert into PD_CORRECTIVE_ACTION_DETAIL(ID,MASTER_ID,FORM_RESPONSE_DETAIL_ID,VERSION,CREATED_DTM,DELETED) values(1548,14,1548,0,SYSDATE,0);
insert into PD_CORRECTIVE_ACTION_DETAIL(ID,MASTER_ID,FORM_RESPONSE_DETAIL_ID,VERSION,CREATED_DTM,DELETED) values(1552,14,1552,0,SYSDATE,0);
insert into PD_CORRECTIVE_ACTION_DETAIL(ID,MASTER_ID,FORM_RESPONSE_DETAIL_ID,VERSION,CREATED_DTM,DELETED) values(1555,14,1555,0,SYSDATE,0);
insert into PD_CORRECTIVE_ACTION_DETAIL(ID,MASTER_ID,FORM_RESPONSE_DETAIL_ID,VERSION,CREATED_DTM,DELETED) values(1557,14,1557,0,SYSDATE,0);
insert into PD_CORRECTIVE_ACTION_DETAIL(ID,MASTER_ID,FORM_RESPONSE_DETAIL_ID,VERSION,CREATED_DTM,DELETED) values(1562,14,1562,0,SYSDATE,0);
insert into PD_CORRECTIVE_ACTION_DETAIL(ID,MASTER_ID,FORM_RESPONSE_DETAIL_ID,VERSION,CREATED_DTM,DELETED) values(1566,14,1566,0,SYSDATE,0);
insert into PD_CORRECTIVE_ACTION_DETAIL(ID,MASTER_ID,FORM_RESPONSE_DETAIL_ID,VERSION,CREATED_DTM,DELETED) values(1568,14,1568,0,SYSDATE,0);
insert into PD_CORRECTIVE_ACTION_DETAIL(ID,MASTER_ID,FORM_RESPONSE_DETAIL_ID,VERSION,CREATED_DTM,DELETED) values(1570,14,1570,0,SYSDATE,0);
insert into PD_CORRECTIVE_ACTION_DETAIL(ID,MASTER_ID,FORM_RESPONSE_DETAIL_ID,VERSION,CREATED_DTM,DELETED) values(1572,14,1572,0,SYSDATE,0);
insert into PD_CORRECTIVE_ACTION_DETAIL(ID,MASTER_ID,FORM_RESPONSE_DETAIL_ID,VERSION,CREATED_DTM,DELETED) values(1575,14,1575,0,SYSDATE,0);
insert into PD_CORRECTIVE_ACTION_DETAIL(ID,MASTER_ID,FORM_RESPONSE_DETAIL_ID,VERSION,CREATED_DTM,DELETED) values(1577,14,1577,0,SYSDATE,0);
insert into PD_CORRECTIVE_ACTION_DETAIL(ID,MASTER_ID,FORM_RESPONSE_DETAIL_ID,VERSION,CREATED_DTM,DELETED) values(1579,14,1579,0,SYSDATE,0);
insert into PD_CORRECTIVE_ACTION_DETAIL(ID,MASTER_ID,FORM_RESPONSE_DETAIL_ID,VERSION,CREATED_DTM,DELETED) values(1582,14,1582,0,SYSDATE,0);
insert into PD_CORRECTIVE_ACTION_DETAIL(ID,MASTER_ID,FORM_RESPONSE_DETAIL_ID,VERSION,CREATED_DTM,DELETED) values(1585,14,1585,0,SYSDATE,0);
insert into PD_CORRECTIVE_ACTION_DETAIL(ID,MASTER_ID,FORM_RESPONSE_DETAIL_ID,VERSION,CREATED_DTM,DELETED) values(1588,14,1588,0,SYSDATE,0);
insert into PD_CORRECTIVE_ACTION_DETAIL(ID,MASTER_ID,FORM_RESPONSE_DETAIL_ID,VERSION,CREATED_DTM,DELETED) values(1590,14,1590,0,SYSDATE,0);
insert into PD_CORRECTIVE_ACTION_DETAIL(ID,MASTER_ID,FORM_RESPONSE_DETAIL_ID,VERSION,CREATED_DTM,DELETED) values(1595,14,1595,0,SYSDATE,0);
insert into PD_CORRECTIVE_ACTION_DETAIL(ID,MASTER_ID,FORM_RESPONSE_DETAIL_ID,VERSION,CREATED_DTM,DELETED) values(1601,14,1601,0,SYSDATE,0);
insert into PD_CORRECTIVE_ACTION_DETAIL(ID,MASTER_ID,FORM_RESPONSE_DETAIL_ID,VERSION,CREATED_DTM,DELETED) values(1604,14,1604,0,SYSDATE,0);
insert into PD_CORRECTIVE_ACTION_DETAIL(ID,MASTER_ID,FORM_RESPONSE_DETAIL_ID,VERSION,CREATED_DTM,DELETED) values(1606,14,1606,0,SYSDATE,0);
insert into PD_CORRECTIVE_ACTION_DETAIL(ID,MASTER_ID,FORM_RESPONSE_DETAIL_ID,VERSION,CREATED_DTM,DELETED) values(1608,14,1608,0,SYSDATE,0);
insert into PD_CORRECTIVE_ACTION_DETAIL(ID,MASTER_ID,FORM_RESPONSE_DETAIL_ID,VERSION,CREATED_DTM,DELETED) values(1617,14,1617,0,SYSDATE,0);
insert into PD_CORRECTIVE_ACTION_DETAIL(ID,MASTER_ID,FORM_RESPONSE_DETAIL_ID,VERSION,CREATED_DTM,DELETED) values(1621,14,1621,0,SYSDATE,0);
insert into PD_CORRECTIVE_ACTION_DETAIL(ID,MASTER_ID,FORM_RESPONSE_DETAIL_ID,VERSION,CREATED_DTM,DELETED) values(1623,14,1623,0,SYSDATE,0);
insert into PD_CORRECTIVE_ACTION_DETAIL(ID,MASTER_ID,FORM_RESPONSE_DETAIL_ID,VERSION,CREATED_DTM,DELETED) values(1626,14,1626,0,SYSDATE,0);
insert into PD_CORRECTIVE_ACTION_DETAIL(ID,MASTER_ID,FORM_RESPONSE_DETAIL_ID,VERSION,CREATED_DTM,DELETED) values(1631,14,1631,0,SYSDATE,0);
insert into PD_CORRECTIVE_ACTION_DETAIL(ID,MASTER_ID,FORM_RESPONSE_DETAIL_ID,VERSION,CREATED_DTM,DELETED) values(1634,14,1634,0,SYSDATE,0);
insert into PD_CORRECTIVE_ACTION_DETAIL(ID,MASTER_ID,FORM_RESPONSE_DETAIL_ID,VERSION,CREATED_DTM,DELETED) values(1636,14,1636,0,SYSDATE,0);
insert into PD_CORRECTIVE_ACTION_DETAIL(ID,MASTER_ID,FORM_RESPONSE_DETAIL_ID,VERSION,CREATED_DTM,DELETED) values(1638,14,1638,0,SYSDATE,0);
insert into PD_CORRECTIVE_ACTION_DETAIL(ID,MASTER_ID,FORM_RESPONSE_DETAIL_ID,VERSION,CREATED_DTM,DELETED) values(1641,14,1641,0,SYSDATE,0);
insert into PD_CORRECTIVE_ACTION_DETAIL(ID,MASTER_ID,FORM_RESPONSE_DETAIL_ID,VERSION,CREATED_DTM,DELETED) values(1644,14,1644,0,SYSDATE,0);
insert into PD_CORRECTIVE_ACTION_DETAIL(ID,MASTER_ID,FORM_RESPONSE_DETAIL_ID,VERSION,CREATED_DTM,DELETED) values(1646,14,1646,0,SYSDATE,0);
insert into PD_CORRECTIVE_ACTION_DETAIL(ID,MASTER_ID,FORM_RESPONSE_DETAIL_ID,VERSION,CREATED_DTM,DELETED) values(1649,14,1649,0,SYSDATE,0);
insert into PD_CORRECTIVE_ACTION_DETAIL(ID,MASTER_ID,FORM_RESPONSE_DETAIL_ID,VERSION,CREATED_DTM,DELETED) values(1652,14,1652,0,SYSDATE,0);
insert into PD_CORRECTIVE_ACTION_DETAIL(ID,MASTER_ID,FORM_RESPONSE_DETAIL_ID,VERSION,CREATED_DTM,DELETED) values(1656,14,1656,0,SYSDATE,0);
insert into PD_CORRECTIVE_ACTION_DETAIL(ID,MASTER_ID,FORM_RESPONSE_DETAIL_ID,VERSION,CREATED_DTM,DELETED) values(1658,14,1658,0,SYSDATE,0);
insert into PD_CORRECTIVE_ACTION_DETAIL(ID,MASTER_ID,FORM_RESPONSE_DETAIL_ID,VERSION,CREATED_DTM,DELETED) values(1660,14,1660,0,SYSDATE,0);
insert into PD_CORRECTIVE_ACTION_DETAIL(ID,MASTER_ID,FORM_RESPONSE_DETAIL_ID,VERSION,CREATED_DTM,DELETED) values(1662,14,1662,0,SYSDATE,0);
insert into PD_CORRECTIVE_ACTION_DETAIL(ID,MASTER_ID,FORM_RESPONSE_DETAIL_ID,VERSION,CREATED_DTM,DELETED) values(1664,14,1664,0,SYSDATE,0);
insert into PD_CORRECTIVE_ACTION_DETAIL(ID,MASTER_ID,FORM_RESPONSE_DETAIL_ID,VERSION,CREATED_DTM,DELETED) values(1667,14,1667,0,SYSDATE,0);
insert into PD_CORRECTIVE_ACTION_DETAIL(ID,MASTER_ID,FORM_RESPONSE_DETAIL_ID,VERSION,CREATED_DTM,DELETED) values(1669,14,1669,0,SYSDATE,0);
insert into PD_CORRECTIVE_ACTION_DETAIL(ID,MASTER_ID,FORM_RESPONSE_DETAIL_ID,VERSION,CREATED_DTM,DELETED) values(1674,14,1674,0,SYSDATE,0);
insert into PD_CORRECTIVE_ACTION_DETAIL(ID,MASTER_ID,FORM_RESPONSE_DETAIL_ID,VERSION,CREATED_DTM,DELETED) values(1677,14,1677,0,SYSDATE,0);
insert into PD_CORRECTIVE_ACTION_DETAIL(ID,MASTER_ID,FORM_RESPONSE_DETAIL_ID,VERSION,CREATED_DTM,DELETED) values(1679,14,1679,0,SYSDATE,0);
insert into PD_CORRECTIVE_ACTION_DETAIL(ID,MASTER_ID,FORM_RESPONSE_DETAIL_ID,VERSION,CREATED_DTM,DELETED) values(1681,14,1681,0,SYSDATE,0);
insert into PD_CORRECTIVE_ACTION_DETAIL(ID,MASTER_ID,FORM_RESPONSE_DETAIL_ID,VERSION,CREATED_DTM,DELETED) values(1684,14,1684,0,SYSDATE,0);
insert into PD_CORRECTIVE_ACTION_DETAIL(ID,MASTER_ID,FORM_RESPONSE_DETAIL_ID,VERSION,CREATED_DTM,DELETED) values(1687,14,1687,0,SYSDATE,0);
insert into PD_CORRECTIVE_ACTION_DETAIL(ID,MASTER_ID,FORM_RESPONSE_DETAIL_ID,VERSION,CREATED_DTM,DELETED) values(1690,14,1690,0,SYSDATE,0);
insert into PD_CORRECTIVE_ACTION_DETAIL(ID,MASTER_ID,FORM_RESPONSE_DETAIL_ID,VERSION,CREATED_DTM,DELETED) values(1692,14,1692,0,SYSDATE,0);
insert into PD_CORRECTIVE_ACTION_DETAIL(ID,MASTER_ID,FORM_RESPONSE_DETAIL_ID,VERSION,CREATED_DTM,DELETED) values(1694,14,1694,0,SYSDATE,0);
insert into PD_CORRECTIVE_ACTION_DETAIL(ID,MASTER_ID,FORM_RESPONSE_DETAIL_ID,VERSION,CREATED_DTM,DELETED) values(1696,14,1696,0,SYSDATE,0);
insert into PD_CORRECTIVE_ACTION_DETAIL(ID,MASTER_ID,FORM_RESPONSE_DETAIL_ID,VERSION,CREATED_DTM,DELETED) values(1698,14,1698,0,SYSDATE,0);
insert into PD_CORRECTIVE_ACTION_DETAIL(ID,MASTER_ID,FORM_RESPONSE_DETAIL_ID,VERSION,CREATED_DTM,DELETED) values(1701,14,1701,0,SYSDATE,0);
insert into PD_CORRECTIVE_ACTION_DETAIL(ID,MASTER_ID,FORM_RESPONSE_DETAIL_ID,VERSION,CREATED_DTM,DELETED) values(1703,14,1703,0,SYSDATE,0);
insert into PD_CORRECTIVE_ACTION_DETAIL(ID,MASTER_ID,FORM_RESPONSE_DETAIL_ID,VERSION,CREATED_DTM,DELETED) values(1707,14,1707,0,SYSDATE,0);
insert into PD_CORRECTIVE_ACTION_DETAIL(ID,MASTER_ID,FORM_RESPONSE_DETAIL_ID,VERSION,CREATED_DTM,DELETED) values(1710,14,1710,0,SYSDATE,0);
insert into PD_CORRECTIVE_ACTION_DETAIL(ID,MASTER_ID,FORM_RESPONSE_DETAIL_ID,VERSION,CREATED_DTM,DELETED) values(1713,14,1713,0,SYSDATE,0);
insert into PD_CORRECTIVE_ACTION_DETAIL(ID,MASTER_ID,FORM_RESPONSE_DETAIL_ID,VERSION,CREATED_DTM,DELETED) values(1715,14,1715,0,SYSDATE,0);


Insert into SYSTEM_TASK_LOG (ID,TASK_ID,USER_ID,CHANGED_TIME,FIELD_NAME,ORIGINAL_VALUE,NEW_VALUE,VERSION,CREATED_DTM,CREATED_BY,LAST_MODIFIED_DTM,LAST_MODIFIED_BY,DELETED) values (1,100,1,sysdate,'test',null,null,0,sysdate,null,null,null,0);
Insert into SYSTEM_TASK_COMMENT (ID,TASK_ID,USER_ID,COMMENTS,VERSION,CREATED_DTM,CREATED_BY,LAST_MODIFIED_DTM,LAST_MODIFIED_BY,DELETED) values (1,100,1,'testest',0,sysdate,null,null,null,0);
Insert into SYSTEM_TASK_PEOPLE (ID,TASK_ID,RESPONSIBILITY,USER_ID,VERSION,CREATED_DTM,CREATED_BY,LAST_MODIFIED_DTM,LAST_MODIFIED_BY,DELETED) values (1,100,'test',1,0,sysdate,null,null,null,0);
Insert into SYSTEM_TASK_DATE (ID,TASK_ID,DATE_TYPE,VERSION,CREATED_DTM,CREATED_BY,LAST_MODIFIED_DTM,LAST_MODIFIED_BY,DELETED) values (1,100,'_T35',0,sysdate,null,null,null,0);

Insert into SYSTEM_TASK_LOG (ID,TASK_ID,USER_ID,CHANGED_TIME,FIELD_NAME,ORIGINAL_VALUE,NEW_VALUE,VERSION,CREATED_DTM,CREATED_BY,LAST_MODIFIED_DTM,LAST_MODIFIED_BY,DELETED) values (2,304,1,sysdate,'test',null,null,0,sysdate,null,null,null,0);
Insert into SYSTEM_TASK_COMMENT (ID,TASK_ID,USER_ID,COMMENTS,VERSION,CREATED_DTM,CREATED_BY,LAST_MODIFIED_DTM,LAST_MODIFIED_BY,DELETED) values (2,304,1,'testest',0,sysdate,null,null,null,0);
Insert into SYSTEM_TASK_PEOPLE (ID,TASK_ID,RESPONSIBILITY,USER_ID,VERSION,CREATED_DTM,CREATED_BY,LAST_MODIFIED_DTM,LAST_MODIFIED_BY,DELETED) values (2,304,'test',1,0,sysdate,null,null,null,0);
Insert into SYSTEM_TASK_DATE (ID,TASK_ID,DATE_TYPE,VERSION,CREATED_DTM,CREATED_BY,LAST_MODIFIED_DTM,LAST_MODIFIED_BY,DELETED) values (2,304,'_T35',0,sysdate,null,null,null,0);
commit;
